,Date,Sales
64983,2013-1,2739.0
64984,2013-1,6135.36
64985,2013-1,54.78
64986,2013-1,109.56
64987,2013-1,109.56
64988,2013-1,54.78
64989,2013-1,164.34
64990,2013-1,1095.6
64991,2013-1,273.9
64992,2013-1,109.56
64993,2013-1,14242.8
64994,2013-1,3998.94
64995,2013-1,1040.82
64996,2013-1,54.78
64997,2013-1,109.58
64998,2013-1,219.12
64999,2013-1,82.17
65000,2013-1,219.12
65001,2013-1,273.9
65002,2013-1,164.35
65003,2013-1,273.9
65004,2013-1,164.34
65005,2013-1,438.24
65006,2013-1,43385.76
65007,2013-1,54.78
65008,2013-1,438.25
65009,2013-1,15776.64
65010,2013-1,24924.9
65011,2013-1,12517.23
65012,2013-1,9394.77
65013,2013-1,5204.1
65014,2013-1,19255.17
65015,2013-1,2739.0
65016,2013-1,31580.67
65017,2013-1,54.78
65018,2013-1,493.02
65019,2013-1,328.68
65020,2013-1,109.56
65021,2013-1,27.39
65022,2013-1,273.88
65023,2013-1,273.91
65024,2013-1,109.56
65025,2013-1,109.56
65026,2013-1,547.8
65027,2013-1,219.13
65028,2013-1,164.33
65029,2013-1,109.56
65030,2013-1,109.57
65031,2013-1,219.11
65032,2013-1,3834.6
65033,2013-1,2191.2
65034,2013-1,1369.5
65035,2013-1,54.78
65036,2013-1,109.55
65037,2013-1,219.14
65038,2013-1,328.67
65039,2013-1,328.67
65040,2013-1,219.13
65041,2013-1,54.78
65042,2013-1,164.36
65043,2013-1,164.34
65044,2013-1,54.78
65045,2013-1,31553.28
65046,2013-1,1259.94
65047,2013-1,821.7
65048,2013-1,273.91
65049,2013-1,219.13
65050,2013-1,2410.3
65051,2013-1,1424.28
65052,2013-1,1972.08
65053,2013-1,2985.51
65054,2013-1,191.73
65055,2013-1,12599.4
65056,2013-1,766.92
65057,2013-1,547.8
65058,2013-1,14872.77
65059,2013-1,1095.6
65060,2013-1,7258.35
65061,2013-1,164.34
65062,2013-1,547.8
65063,2013-1,54.78
65064,2013-1,547.79
65065,2013-1,438.24
65066,2013-1,328.68
65067,2013-1,219.1
65068,2013-1,6984.45
65069,2013-1,273.9
65070,2013-1,273.9
65071,2013-1,438.24
65072,2013-1,1095.6
65073,2013-1,219.12
65074,2013-1,438.24
65075,2013-1,219.12
65076,2013-1,219.12
65077,2013-1,109.56
65078,2013-1,39660.72
65079,2013-1,219.1
65080,2013-1,54.78
65081,2013-1,273.9
65082,2013-1,410.85
65083,2013-1,9860.4
65084,2013-1,5532.78
65085,2013-1,8217.0
65086,2013-1,5313.66
65087,2013-1,13695.0
65088,2013-1,8408.73
65089,2013-1,4382.4
65090,2013-1,109.56
65091,2013-1,136.95
65092,2013-1,410.85
65093,2013-1,219.12
65094,2013-1,273.91
65095,2013-1,109.55
65096,2013-1,164.34
65097,2013-1,109.56
65098,2013-1,273.92
65099,2013-1,109.56
65100,2013-1,328.68
65101,2013-1,273.89
65102,2013-1,164.34
65103,2013-1,657.38
65104,2013-1,60531.9
65105,2013-2,547.78
65106,2013-2,164.34
65107,2013-2,109.56
65108,2013-2,273.9
65109,2013-2,493.02
65110,2013-2,9860.4
65111,2013-2,4464.57
65112,2013-2,2821.17
65113,2013-2,19912.51
65114,2013-2,10956.0
65115,2013-2,14790.6
65116,2013-2,5532.78
65117,2013-2,3615.48
65118,2013-2,273.91
65119,2013-2,109.56
65120,2013-2,547.79
65121,2013-2,328.68
65122,2013-2,219.11
65123,2013-2,1095.6
65124,2013-2,821.7
65125,2013-2,547.8
65126,2013-2,54.78
65127,2013-2,657.37
65128,2013-2,109.57
65129,2013-2,164.34
65130,2013-2,109.56
65131,2013-2,493.03
65132,2013-2,8162.22
65133,2013-2,12435.06
65134,2013-2,7532.25
65135,2013-2,1917.3
65136,2013-2,3286.8
65137,2013-2,17200.92
65138,2013-2,2848.56
65139,2013-2,15146.67
65140,2013-2,4382.4
65141,2013-2,328.7
65142,2013-2,109.58
65143,2013-2,547.8
65144,2013-2,547.82
65145,2013-2,219.13
65146,2013-2,821.7
65147,2013-2,109.56
65148,2013-2,6299.7
65149,2013-2,7669.2
65150,2013-2,219.12
65151,2013-2,273.89
65152,2013-2,65736.0
65153,2013-2,-219.11
65154,2013-2,9860.4
65155,2013-2,7011.84
65156,2013-2,12763.74
65157,2013-2,8792.19
65158,2013-2,273.9
65159,2013-2,14379.75
65160,2013-2,4272.84
65161,2013-2,27.39
65162,2013-2,219.13
65163,2013-2,493.02
65164,2013-2,493.03
65165,2013-2,109.57
65166,2013-2,273.91
65167,2013-2,219.12
65168,2013-2,136.95
65169,2013-2,164.34
65170,2013-2,219.12
65171,2013-2,328.67
65172,2013-2,219.13
65173,2013-2,4519.35
65174,2013-2,6573.6
65175,2013-2,1917.28
65176,2013-2,1095.6
65177,2013-2,54.78
65178,2013-2,273.9
65179,2013-2,109.56
65180,2013-2,35497.44
65181,2013-2,1369.48
65182,2013-2,164.34
65183,2013-2,9860.4
65184,2013-2,5587.56
65185,2013-2,6820.11
65186,2013-2,547.8
65187,2013-2,1917.3
65188,2013-2,10490.37
65189,2013-2,27.39
65190,2013-2,27.39
65191,2013-2,438.24
65192,2013-2,602.57
65193,2013-2,219.11
65194,2013-2,547.79
65195,2013-2,219.12
65196,2013-2,821.7
65197,2013-2,273.9
65198,2013-2,164.33
65199,2013-2,273.9
65200,2013-2,3834.6
65201,2013-2,2465.1
65202,2013-2,273.91
65203,2013-2,21692.88
65204,2013-2,109.56
65205,2013-2,273.91
65206,2013-2,547.82
65207,2013-2,410.85
65208,2013-3,54.78
65209,2013-3,109.57
65210,2013-3,54.78
65211,2013-3,5916.24
65212,2013-3,9750.84
65213,2013-3,4327.62
65214,2013-3,5313.66
65215,2013-3,14598.87
65216,2013-3,5505.39
65217,2013-3,3286.8
65218,2013-3,27.39
65219,2013-3,1205.16
65220,2013-3,219.12
65221,2013-3,219.12
65222,2013-3,164.33
65223,2013-3,54.78
65224,2013-3,273.9
65225,2013-3,164.34
65226,2013-3,547.8
65227,2013-3,1369.5
65228,2013-3,109.56
65229,2013-3,54.78
65230,2013-3,109.57
65231,2013-3,164.34
65232,2013-3,219.13
65233,2013-3,273.9
65234,2013-3,273.92
65235,2013-3,11832.48
65236,2013-3,5614.95
65237,2013-3,4245.45
65238,2013-3,18515.64
65239,2013-3,547.8
65240,2013-3,13147.22
65241,2013-3,19255.17
65242,2013-3,1369.5
65243,2013-3,6902.28
65244,2013-3,438.25
65245,2013-3,164.36
65246,2013-3,164.35
65247,2013-3,547.79
65248,2013-3,273.89
65249,2013-3,328.67
65250,2013-3,1643.4
65251,2013-3,164.34
65252,2013-3,6162.75
65253,2013-3,1095.6
65254,2013-3,3834.6
65255,2013-3,1095.6
65256,2013-3,328.7
65257,2013-3,109.56
65258,2013-3,109.56
65259,2013-3,383.44
65260,2013-3,3012.9
65261,2013-3,58012.02
65262,2013-3,109.56
65263,2013-3,164.36
65264,2013-3,2191.22
65265,2013-3,10024.74
65266,2013-3,4793.25
65267,2013-3,7011.84
65268,2013-3,5039.76
65269,2013-3,547.8
65270,2013-3,18625.2
65271,2013-3,13147.2
65272,2013-3,10243.86
65273,2013-3,27.39
65274,2013-3,54.78
65275,2013-3,54.78
65276,2013-3,273.89
65277,2013-3,164.35
65278,2013-3,547.79
65279,2013-3,438.24
65280,2013-3,273.89
65281,2013-3,328.67
65282,2013-3,164.34
65283,2013-3,164.33
65284,2013-3,164.34
65285,2013-3,54.78
65286,2013-3,2738.99
65287,2013-3,328.68
65288,2013-3,164.36
65289,2013-3,328.66
65290,2013-3,219.12
65291,2013-3,219.12
65292,2013-3,164.36
65293,2013-3,44207.46
65294,2013-3,876.48
65295,2013-3,164.35
65296,2013-3,54.78
65297,2013-3,986.04
65298,2013-3,24212.76
65299,2013-3,8299.17
65300,2013-3,54.78
65301,2013-3,23829.3
65302,2013-3,1095.6
65303,2013-3,17529.6
65304,2013-3,986.04
65305,2013-3,9668.67
65306,2013-3,1533.84
65307,2013-3,109.56
65308,2013-3,191.73
65309,2013-3,164.34
65310,2013-3,164.35
65311,2013-3,219.12
65312,2013-3,219.14
65313,2013-3,547.79
65314,2013-3,219.1
65315,2013-3,54.78
65316,2013-3,164.34
65317,2013-3,328.69
65318,2013-3,164.35
65319,2013-3,1643.4
65320,2013-3,7669.2
65321,2013-3,547.81
65322,2013-3,54.78
65323,2013-3,54.78
65324,2013-3,1095.61
65325,2013-3,328.69
65326,2013-4,109.56
65327,2013-4,7888.32
65328,2013-4,14242.8
65329,2013-4,2875.95
65330,2013-4,7285.74
65331,2013-4,19611.24
65332,2013-4,27.39
65333,2013-4,2191.22
65334,2013-4,109.56
65335,2013-4,109.56
65336,2013-4,-547.79
65337,2013-4,547.81
65338,2013-4,821.69
65339,2013-4,2465.1
65340,2013-4,547.8
65341,2013-4,547.8
65342,2013-4,438.24
65343,2013-4,164.34
65344,2013-4,164.34
65345,2013-4,65845.56
65346,2013-4,657.37
65347,2013-4,2300.76
65348,2013-4,4135.89
65349,2013-4,5916.24
65350,2013-4,20734.23
65351,2013-4,4163.28
65352,2013-4,164.33
65353,2013-4,493.0
65354,2013-4,273.91
65355,2013-4,547.78
65356,2013-4,328.68
65357,2013-4,273.89
65358,2013-4,328.68
65359,2013-4,6299.7
65360,2013-4,2191.2
65361,2013-4,5478.0
65362,2013-4,328.65
65363,2013-4,876.49
65364,2013-4,21692.88
65365,2013-4,219.13
65366,2013-4,5094.54
65367,2013-4,5916.24
65368,2013-4,7203.57
65369,2013-4,11229.9
65370,2013-4,13448.49
65371,2013-4,821.7
65372,2013-4,17337.87
65373,2013-4,3670.26
65374,2013-4,4190.67
65375,2013-4,3670.26
65376,2013-4,328.68
65377,2013-4,438.24
65378,2013-4,219.12
65379,2013-4,547.8
65380,2013-4,219.12
65381,2013-4,273.9
65382,2013-4,273.9
65383,2013-4,1095.61
65384,2013-4,54.78
65385,2013-4,164.36
65386,2013-4,109.56
65387,2013-4,547.8
65388,2013-4,3834.6
65389,2013-4,1369.5
65390,2013-4,2191.2
65391,2013-4,54.78
65392,2013-4,219.11
65393,2013-4,164.34
65394,2013-4,164.34
65395,2013-4,273.9
65396,2013-4,21912.0
65397,2013-4,2026.86
65398,2013-4,164.34
65399,2013-4,821.7
65400,2013-4,14324.97
65401,2013-4,6902.28
65402,2013-4,4163.28
65403,2013-4,5642.34
65404,2013-4,1643.4
65405,2013-4,7258.35
65406,2013-4,7888.32
65407,2013-4,13695.0
65408,2013-4,246.51
65409,2013-4,547.81
65410,2013-4,219.12
65411,2013-4,109.55
65412,2013-4,109.56
65413,2013-4,109.56
65414,2013-4,54.78
65415,2013-4,328.67
65416,2013-4,164.34
65417,2013-4,273.9
65418,2013-4,1095.6
65419,2013-4,1095.6
65420,2013-4,54.78
65421,2013-4,219.14
65422,2013-4,109.56
65423,2013-4,109.57
65424,2013-4,109.56
65425,2013-4,52369.68
65426,2013-4,164.33
65427,2013-4,328.68
65428,2013-4,21062.91
65429,2013-4,4108.5
65430,2013-4,18433.47
65431,2013-4,23582.79
65432,2013-4,54.76
65433,2013-4,4382.4
65434,2013-4,438.22
65435,2013-4,1643.39
65436,2013-5,18789.54
65437,2013-5,219.12
65438,2013-5,328.66
65439,2013-5,219.12
65440,2013-5,493.02
65441,2013-5,54.78
65442,2013-5,547.8
65443,2013-5,54.78
65444,2013-5,54.78
65445,2013-5,547.8
65446,2013-5,54.78
65447,2013-5,328.69
65448,2013-5,54.78
65449,2013-5,21692.88
65450,2013-5,54.78
65451,2013-5,821.7
65452,2013-5,9860.4
65453,2013-5,11202.51
65454,2013-5,2821.17
65455,2013-5,14078.46
65456,2013-5,21227.25
65457,2013-5,2848.56
65458,2013-5,6984.45
65459,2013-5,2739.0
65460,2013-5,273.89
65461,2013-5,164.34
65462,2013-5,109.56
65463,2013-5,164.34
65464,2013-5,54.78
65465,2013-5,328.68
65466,2013-5,54.78
65467,2013-5,219.14
65468,2013-5,821.7
65469,2013-5,219.14
65470,2013-5,383.44
65471,2013-5,273.92
65472,2013-5,164.33
65473,2013-5,109.56
65474,2013-5,219.12
65475,2013-5,27.39
65476,2013-5,13804.56
65477,2013-5,5751.9
65478,2013-5,1369.5
65479,2013-5,547.8
65480,2013-5,8217.0
65481,2013-5,22185.9
65482,2013-5,5532.78
65483,2013-5,27.39
65484,2013-5,109.56
65485,2013-5,164.34
65486,2013-5,273.9
65487,2013-5,438.24
65488,2013-5,547.8
65489,2013-5,219.14
65490,2013-5,7806.15
65491,2013-5,6573.6
65492,2013-5,3286.8
65493,2013-5,3834.61
65494,2013-5,82.17
65495,2013-5,493.04
65496,2013-5,438.24
65497,2013-5,164.34
65498,2013-5,31827.18
65499,2013-5,1369.5
65500,2013-5,273.92
65501,2013-5,328.68
65502,2013-5,20049.48
65503,2013-5,849.09
65504,2013-5,6929.67
65505,2013-5,11421.63
65506,2013-5,821.7
65507,2013-5,7121.4
65508,2013-5,13147.2
65509,2013-5,2465.1
65510,2013-5,15091.89
65511,2013-5,27.39
65512,2013-5,1095.6
65513,2013-5,219.12
65514,2013-5,273.91
65515,2013-5,109.56
65516,2013-5,109.56
65517,2013-5,1369.5
65518,2013-5,109.56
65519,2013-5,629.97
65520,2013-5,1095.6
65521,2013-5,3286.8
65522,2013-5,136.95
65523,2013-5,5614.95
65524,2013-5,547.8
65525,2013-5,109.57
65526,2013-5,109.56
65527,2013-5,109.56
65528,2013-5,328.66
65529,2013-5,54.78
65530,2013-5,85045.95
65531,2013-5,273.9
65532,2013-5,164.34
65533,2013-5,3944.16
65534,2013-5,9668.67
65535,2013-5,11887.26
65536,2013-5,1643.4
65537,2013-5,136.94
65538,2013-5,9285.21
65539,2013-5,876.48
65540,2013-5,109.56
65541,2013-5,219.12
65542,2013-5,438.24
65543,2013-5,219.12
65544,2013-5,273.9
65545,2013-5,547.8
65546,2013-5,273.9
65547,2013-5,54.78
65548,2013-5,54.78
65549,2013-5,164.34
65550,2013-5,383.48
65551,2013-5,547.79
65552,2013-5,164.34
65553,2013-5,34401.84
65554,2013-5,273.9
65555,2013-5,1095.58
65556,2013-5,328.69
65557,2013-5,27.39
65558,2013-6,5916.24
65559,2013-6,11038.17
65560,2013-6,2821.17
65561,2013-6,2191.2
65562,2013-6,15612.3
65563,2013-6,16598.34
65564,2013-6,5478.0
65565,2013-6,54.78
65566,2013-6,986.02
65567,2013-6,219.14
65568,2013-6,2191.22
65569,2013-6,273.9
65570,2013-6,657.37
65571,2013-6,136.95
65572,2013-6,164.34
65573,2013-6,164.34
65574,2013-6,821.69
65575,2013-6,164.34
65576,2013-6,1369.51
65577,2013-6,410.85
65578,2013-6,164.34
65579,2013-6,986.07
65580,2013-6,438.26
65581,2013-6,109.56
65582,2013-6,109.56
65583,2013-6,54.78
65584,2013-6,20405.55
65585,2013-6,547.8
65586,2013-6,273.9
65587,2013-6,1040.83
65588,2013-6,16516.17
65589,2013-6,1533.84
65590,2013-6,8299.17
65591,2013-6,19939.92
65592,2013-6,1369.5
65593,2013-6,21364.2
65594,2013-6,3286.8
65595,2013-6,7066.62
65596,2013-6,3889.38
65597,2013-6,164.33
65598,2013-6,191.74
65599,2013-6,164.34
65600,2013-6,1259.9
65601,2013-6,273.91
65602,2013-6,109.56
65603,2013-6,109.56
65604,2013-6,109.57
65605,2013-6,54.78
65606,2013-6,3971.55
65607,2013-6,821.7
65608,2013-6,3834.6
65609,2013-6,3834.6
65610,2013-6,10682.1
65611,2013-6,1643.4
65612,2013-6,273.9
65613,2013-6,328.67
65614,2013-6,273.89
65615,2013-6,328.66
65616,2013-6,164.35
65617,2013-6,1150.38
65618,2013-6,164.32
65619,2013-6,547.8
65620,2013-6,19994.7
65621,2013-6,24924.9
65622,2013-6,2875.95
65623,2013-6,9531.72
65624,2013-6,1369.5
65625,2013-6,7395.28
65626,2013-6,17063.97
65627,2013-6,1095.6
65628,2013-6,24733.17
65629,2013-6,273.9
65630,2013-6,191.73
65631,2013-6,328.68
65632,2013-6,328.68
65633,2013-6,438.24
65634,2013-6,547.8
65635,2013-6,547.8
65636,2013-6,109.56
65637,2013-6,164.35
65638,2013-6,328.67
65639,2013-6,1095.6
65640,2013-6,547.8
65641,2013-6,547.82
65642,2013-6,54.78
65643,2013-6,273.9
65644,2013-6,48288.56
65645,2013-6,7148.77
65646,2013-6,5478.0
65647,2013-6,14954.94
65648,2013-6,8490.91
65649,2013-6,18351.3
65650,2013-6,5587.56
65651,2013-6,438.24
65652,2013-6,109.56
65653,2013-6,328.69
65654,2013-6,876.48
65655,2013-6,54.78
65656,2013-6,328.69
65657,2013-6,164.35
65658,2013-6,547.79
65659,2013-6,821.7
65660,2013-6,1095.58
65661,2013-6,1972.1
65662,2013-6,109.56
65663,2013-6,219.12
65664,2013-6,27.39
65665,2013-6,547.8
65666,2013-6,164.34
65667,2013-6,4108.5
65668,2013-6,273.9
65669,2013-6,109.56
65670,2013-6,547.82
65671,2013-6,438.24
65672,2013-6,109.56
65673,2013-6,219.13
65674,2013-6,657.35
65675,2013-6,109203.92
65676,2013-6,547.8
65677,2013-7,2465.11
65678,2013-7,547.8
65679,2013-7,27.39
65680,2013-7,547.79
65681,2013-7,219.12
65682,2013-7,164.34
65683,2013-7,547.81
65684,2013-7,328.68
65685,2013-7,219.12
65686,2013-7,54.78
65687,2013-7,328.68
65688,2013-7,547.8
65689,2013-7,2739.01
65690,2013-7,109.56
65691,2013-7,219.12
65692,2013-7,547.82
65693,2013-7,54.78
65694,2013-7,109.57
65695,2013-7,219.1
65696,2013-7,547.8
65697,2013-7,547.82
65698,2013-7,547.81
65699,2013-7,4546.74
65700,2013-7,18022.62
65701,2013-7,5834.07
65702,2013-7,10956.0
65703,2013-7,13914.12
65704,2013-7,27554.34
65705,2013-7,2465.1
65706,2013-7,5614.95
65707,2013-7,6737.94
65708,2013-7,109.56
65709,2013-7,219.12
65710,2013-7,273.9
65711,2013-7,821.7
65712,2013-7,438.24
65713,2013-7,547.79
65714,2013-7,54.78
65715,2013-7,219.12
65716,2013-7,219.11
65717,2013-7,10956.0
65718,2013-7,273.92
65719,2013-7,164.33
65720,2013-7,2465.1
65721,2013-7,5204.1
65722,2013-7,273.9
65723,2013-7,164.34
65724,2013-7,328.69
65725,2013-7,109.55
65726,2013-7,20679.45
65727,2013-7,547.81
65728,2013-7,3834.59
65729,2013-7,109.56
65730,2013-7,219.12
65731,2013-7,15776.64
65732,2013-7,16488.78
65733,2013-7,1506.45
65734,2013-7,21994.17
65735,2013-7,2465.1
65736,2013-7,19309.95
65737,2013-7,8244.39
65738,2013-7,109.56
65739,2013-7,438.24
65740,2013-7,219.12
65741,2013-7,328.68
65742,2013-7,273.9
65743,2013-7,273.9
65744,2013-7,273.89
65745,2013-7,547.81
65746,2013-7,328.68
65747,2013-7,328.68
65748,2013-7,1095.61
65749,2013-7,109.56
65750,2013-7,8490.9
65751,2013-7,4656.3
65752,2013-7,54.78
65753,2013-7,328.69
65754,2013-7,54.78
65755,2013-7,41413.68
65756,2013-7,1807.74
65757,2013-7,273.92
65758,2013-7,9860.4
65759,2013-7,2903.34
65760,2013-7,5614.95
65761,2013-7,14626.26
65762,2013-7,16160.1
65763,2013-7,2903.34
65764,2013-7,3286.8
65765,2013-7,11038.17
65766,2013-7,328.67
65767,2013-7,219.13
65768,2013-7,328.68
65769,2013-7,136.95
65770,2013-7,547.8
65771,2013-7,109.56
65772,2013-7,547.79
65773,2013-7,54.78
65774,2013-7,219.12
65775,2013-7,1369.5
65776,2013-7,547.8
65777,2013-7,109.56
65778,2013-7,328.68
65779,2013-7,164.35
65780,2013-7,34347.06
65781,2013-7,1807.75
65782,2013-7,5614.95
65783,2013-7,14034.63
65784,2013-7,1095.6
65785,2013-7,14516.7
65786,2013-7,11010.78
65787,2013-7,2739.0
65788,2013-7,109.56
65789,2013-7,164.33
65790,2013-7,1095.6
65791,2013-7,273.9
65792,2013-7,164.34
65793,2013-7,1095.62
65794,2013-7,1095.6
65795,2013-7,273.9
65796,2013-7,3834.61
65797,2013-7,2739.01
65798,2013-7,54.78
65799,2013-7,273.9
65800,2013-7,328.7
65801,2013-8,8490.9
65802,2013-8,54.78
65803,2013-8,28430.82
65804,2013-8,1643.41
65805,2013-8,12489.84
65806,2013-8,6957.06
65807,2013-8,5478.0
65808,2013-8,54.78
65809,2013-8,1095.6
65810,2013-8,6299.7
65811,2013-8,16516.17
65812,2013-8,4848.03
65813,2013-8,3615.48
65814,2013-8,136.95
65815,2013-8,219.12
65816,2013-8,547.82
65817,2013-8,109.56
65818,2013-8,164.34
65819,2013-8,109.55
65820,2013-8,219.14
65821,2013-8,1369.5
65822,2013-8,7395.3
65823,2013-8,109.56
65824,2013-8,219.11
65825,2013-8,8983.92
65826,2013-8,-164.34
65827,2013-8,10408.2
65828,2013-8,8326.56
65829,2013-8,4245.45
65830,2013-8,16844.83
65831,2013-8,13777.17
65832,2013-8,1643.4
65833,2013-8,11257.29
65834,2013-8,4437.18
65835,2013-8,219.12
65836,2013-8,438.26
65837,2013-8,821.71
65838,2013-8,328.68
65839,2013-8,164.34
65840,2013-8,164.33
65841,2013-8,273.89
65842,2013-8,54.78
65843,2013-8,821.7
65844,2013-8,109.56
65845,2013-8,164.34
65846,2013-8,821.7
65847,2013-8,547.8
65848,2013-8,4382.4
65849,2013-8,109.56
65850,2013-8,1917.3
65851,2013-8,2465.1
65852,2013-8,1095.6
65853,2013-8,273.88
65854,2013-8,164.34
65855,2013-8,23719.74
65856,2013-8,1205.16
65857,2013-8,4765.85
65858,2013-8,11832.48
65859,2013-8,9778.23
65860,2013-8,2958.12
65861,2013-8,5039.76
65862,2013-8,1095.6
65863,2013-8,15749.25
65864,2013-8,4108.5
65865,2013-8,109.56
65866,2013-8,191.71
65867,2013-8,273.89
65868,2013-8,273.89
65869,2013-8,164.34
65870,2013-8,383.46
65871,2013-8,493.02
65872,2013-8,438.24
65873,2013-8,109.55
65874,2013-8,29197.74
65875,2013-8,328.68
65876,2013-8,13804.56
65877,2013-8,6710.55
65878,2013-8,2739.0
65879,2013-8,3944.16
65880,2013-8,5423.22
65881,2013-8,4108.5
65882,2013-8,9066.09
65883,2013-8,109.55
65884,2013-8,109.56
65885,2013-8,219.12
65886,2013-8,219.13
65887,2013-8,273.89
65888,2013-8,273.9
65889,2013-8,1095.58
65890,2013-8,273.9
65891,2013-8,328.68
65892,2013-8,219.13
65893,2013-8,438.24
65894,2013-8,328.68
65895,2013-8,273.9
65896,2013-8,54.78
65897,2013-8,2739.0
65898,2013-8,1643.4
65899,2013-8,4382.4
65900,2013-8,219.11
65901,2013-8,109.56
65902,2013-8,109.56
65903,2013-8,54.78
65904,2013-8,5368.43
65905,2013-8,34237.5
65906,2013-8,109.56
65907,2013-8,547.82
65908,2013-9,15174.08
65909,2013-9,7340.52
65910,2013-9,4272.84
65911,2013-9,21966.78
65912,2013-9,821.7
65913,2013-9,11503.8
65914,2013-9,16570.95
65915,2013-9,9668.67
65916,2013-9,219.14
65917,2013-9,109.56
65918,2013-9,27.39
65919,2013-9,273.9
65920,2013-9,219.12
65921,2013-9,164.35
65922,2013-9,438.25
65923,2013-9,164.35
65924,2013-9,164.36
65925,2013-9,821.7
65926,2013-9,1095.6
65927,2013-9,547.82
65928,2013-9,54.78
65929,2013-9,273.91
65930,2013-9,1095.6
65931,2013-9,164.33
65932,2013-9,657.35
65933,2013-9,219.12
65934,2013-9,547.79
65935,2013-9,51821.88
65936,2013-9,383.46
65937,2013-9,8326.56
65938,2013-9,5697.12
65939,2013-9,7997.88
65940,2013-9,20542.5
65941,2013-9,821.7
65942,2013-9,6929.67
65943,2013-9,712.14
65944,2013-9,27.39
65945,2013-9,2191.22
65946,2013-9,109.57
65947,2013-9,2026.86
65948,2013-9,5478.0
65949,2013-9,2191.22
65950,2013-9,54.78
65951,2013-9,273.89
65952,2013-9,328.69
65953,2013-9,328.66
65954,2013-9,164.34
65955,2013-9,39715.5
65956,2013-9,219.12
65957,2013-9,164.34
65958,2013-9,273.9
65959,2013-9,16050.54
65960,2013-9,2875.95
65961,2013-9,6984.45
65962,2013-9,9531.72
65963,2013-9,1095.6
65964,2013-9,2739.0
65965,2013-9,19446.9
65966,2013-9,11969.43
65967,2013-9,493.03
65968,2013-9,164.34
65969,2013-9,273.9
65970,2013-9,273.9
65971,2013-9,328.67
65972,2013-9,109.56
65973,2013-9,164.36
65974,2013-9,273.9
65975,2013-9,8764.8
65976,2013-9,1369.5
65977,2013-9,3834.6
65978,2013-9,54.78
65979,2013-9,493.04
65980,2013-9,328.67
65981,2013-9,273.91
65982,2013-9,109.56
65983,2013-9,1095.6
65984,2013-9,30129.0
65985,2013-9,657.35
65986,2013-9,438.23
65987,2013-9,547.81
65988,2013-9,8518.29
65989,2013-9,2739.0
65990,2013-9,10627.32
65991,2013-9,5477.99
65992,2013-9,17529.6
65993,2013-9,2191.2
65994,2013-9,10983.39
65995,2013-9,3012.9
65996,2013-9,164.35
65997,2013-9,219.12
65998,2013-9,328.68
65999,2013-9,109.56
66000,2013-9,547.8
66001,2013-9,109.56
66002,2013-9,109.55
66003,2013-9,2739.0
66004,2013-9,1643.4
66005,2013-9,219.12
66006,2013-9,219.12
66007,2013-9,164.32
66008,2013-9,109.56
66009,2013-9,25637.04
66010,2013-9,9860.4
66011,2013-9,547.79
66012,2013-10,13804.56
66013,2013-10,10024.74
66014,2013-10,4108.5
66015,2013-10,7614.42
66016,2013-10,547.8
66017,2013-10,6957.06
66018,2013-10,109.56
66019,2013-10,109.57
66020,2013-10,219.12
66021,2013-10,109.56
66022,2013-10,164.34
66023,2013-10,54.78
66024,2013-10,7121.4
66025,2013-10,54.78
66026,2013-10,38017.32
66027,2013-10,273.9
66028,2013-10,5916.24
66029,2013-10,9805.62
66030,2013-10,4382.4
66031,2013-10,13366.32
66032,2013-10,9586.5
66033,2013-10,25198.8
66034,2013-10,3670.26
66035,2013-10,9915.18
66036,2013-10,3615.48
66037,2013-10,164.34
66038,2013-10,821.71
66039,2013-10,164.33
66040,2013-10,5204.1
66041,2013-10,1205.16
66042,2013-10,219.12
66043,2013-10,109.54
66044,2013-10,328.68
66045,2013-10,657.38
66046,2013-10,219.13
66047,2013-10,19720.8
66048,2013-10,931.25
66049,2013-10,547.8
66050,2013-10,246.5
66051,2013-10,547.81
66052,2013-10,6080.58
66053,2013-10,9641.28
66054,2013-10,2875.95
66055,2013-10,6036.75
66056,2013-10,2191.2
66057,2013-10,15886.2
66058,2013-10,9723.45
66059,2013-10,2465.1
66060,2013-10,27.39
66061,2013-10,328.7
66062,2013-10,328.68
66063,2013-10,273.91
66064,2013-10,273.92
66065,2013-10,328.68
66066,2013-10,109.56
66067,2013-10,1095.6
66068,2013-10,1095.61
66069,2013-10,1095.61
66070,2013-10,54.78
66071,2013-10,1643.4
66072,2013-10,109.55
66073,2013-10,164.35
66074,2013-10,164.35
66075,2013-10,109.55
66076,2013-10,164.33
66077,2013-10,16598.34
66078,2013-10,3286.78
66079,2013-10,109.56
66080,2013-10,12654.18
66081,2013-10,11175.12
66082,2013-10,5614.95
66083,2013-10,3095.07
66084,2013-10,1095.6
66085,2013-10,13284.15
66086,2013-10,1095.6
66087,2013-10,8846.97
66088,2013-10,328.71
66089,2013-10,136.95
66090,2013-10,109.56
66091,2013-10,328.68
66092,2013-10,109.56
66093,2013-10,273.89
66094,2013-10,164.34
66095,2013-10,547.8
66096,2013-10,1259.95
66097,2013-10,547.8
66098,2013-10,109.56
66099,2013-10,328.68
66100,2013-10,219.1
66101,2013-10,219.12
66102,2013-10,3697.65
66103,2013-10,2739.0
66104,2013-10,2465.1
66105,2013-10,2738.98
66106,2013-10,219.14
66107,2013-10,219.12
66108,2013-10,54.78
66109,2013-10,46782.12
66110,2013-10,109.56
66111,2013-10,5724.51
66112,2013-10,7066.62
66113,2013-10,7943.1
66114,2013-10,2191.2
66115,2013-10,19309.95
66116,2013-10,9668.67
66117,2013-10,3725.04
66118,2013-10,602.59
66119,2013-10,164.34
66120,2013-10,273.91
66121,2013-10,328.69
66122,2013-10,438.24
66123,2013-10,109.56
66124,2013-10,1095.6
66125,2013-10,383.46
66126,2013-10,328.67
66127,2013-10,54.78
66128,2013-10,41358.91
66129,2013-11,11229.9
66130,2013-11,219.12
66131,2013-11,547.79
66132,2013-11,273.89
66133,2013-11,109.56
66134,2013-11,23062.38
66135,2013-11,8326.56
66136,2013-11,2739.0
66137,2013-11,10682.1
66138,2013-11,2739.0
66139,2013-11,1643.4
66140,2013-11,4519.35
66141,2013-11,24924.9
66142,2013-11,2629.44
66143,2013-11,27.39
66144,2013-11,493.02
66145,2013-11,273.92
66146,2013-11,547.79
66147,2013-11,219.12
66148,2013-11,657.37
66149,2013-11,164.34
66150,2013-11,54.78
66151,2013-11,273.89
66152,2013-11,164.34
66153,2013-11,547.8
66154,2013-11,273.9
66155,2013-11,986.04
66156,2013-11,4656.3
66157,2013-11,547.8
66158,2013-11,109.56
66159,2013-11,328.7
66160,2013-11,54.78
66161,2013-11,273.9
66162,2013-11,35497.44
66163,2013-11,547.82
66164,2013-11,657.36
66165,2013-11,3012.9
66166,2013-11,17913.06
66167,2013-11,11421.63
66168,2013-11,6847.5
66169,2013-11,16680.51
66170,2013-11,1917.3
66171,2013-11,10134.3
66172,2013-11,18844.32
66173,2013-11,4930.2
66174,2013-11,8217.0
66175,2013-11,54.78
66176,2013-11,273.89
66177,2013-11,219.13
66178,2013-11,164.34
66179,2013-11,164.35
66180,2013-11,164.34
66181,2013-11,109.56
66182,2013-11,273.9
66183,2013-11,8901.75
66184,2013-11,3286.79
66185,2013-11,10134.3
66186,2013-11,164.33
66187,2013-11,328.69
66188,2013-11,273.89
66189,2013-11,54341.76
66190,2013-11,1698.2
66191,2013-11,383.46
66192,2013-11,547.79
66193,2013-11,15256.23
66194,2013-11,5888.85
66195,2013-11,16598.34
66196,2013-11,273.9
66197,2013-11,16790.07
66198,2013-11,1205.16
66199,2013-11,19474.29
66200,2013-11,547.81
66201,2013-11,54.78
66202,2013-11,164.34
66203,2013-11,219.12
66204,2013-11,328.7
66205,2013-11,273.9
66206,2013-11,876.48
66207,2013-11,164.34
66208,2013-11,109.56
66209,2013-11,273.9
66210,2013-11,1095.6
66211,2013-11,438.23
66212,2013-11,54.78
66213,2013-11,219.11
66214,2013-11,1369.5
66215,2013-11,164.33
66216,2013-11,109.56
66217,2013-11,109.56
66218,2013-11,164.34
66219,2013-11,164.34
66220,2013-11,32922.78
66221,2013-11,109.56
66222,2013-11,219.11
66223,2013-11,547.8
66224,2013-11,1095.6
66225,2013-11,438.22
66226,2013-11,273.9
66227,2013-11,766.92
66228,2013-11,28759.5
66229,2013-11,6902.28
66230,2013-11,5614.95
66231,2013-11,9312.6
66232,2013-11,9997.35
66233,2013-11,10956.0
66234,2013-11,5094.54
66235,2013-11,54.78
66236,2013-11,273.9
66237,2013-11,164.33
66238,2013-11,219.11
66239,2013-11,164.35
66240,2013-11,164.34
66241,2013-11,54.78
66242,2013-11,219.14
66243,2013-11,109.56
66244,2013-11,4382.4
66245,2013-11,547.8
66246,2013-11,1095.6
66247,2013-11,109.56
66248,2013-11,164.34
66249,2013-11,273.9
66250,2013-11,109.56
66251,2013-11,52643.58
66252,2013-12,15146.67
66253,2013-12,2739.0
66254,2013-12,13393.71
66255,2013-12,23281.5
66256,2013-12,109.56
66257,2013-12,109.56
66258,2013-12,547.79
66259,2013-12,6025.8
66260,2013-12,16543.56
66261,2013-12,4245.45
66262,2013-12,20569.89
66263,2013-12,1095.6
66264,2013-12,18077.4
66265,2013-12,12051.6
66266,2013-12,20706.84
66267,2013-12,3286.78
66268,2013-12,219.12
66269,2013-12,1095.59
66270,2013-12,136.95
66271,2013-12,273.9
66272,2013-12,1095.6
66273,2013-12,164.34
66274,2013-12,547.8
66275,2013-12,4930.2
66276,2013-12,547.8
66277,2013-12,273.89
66278,2013-12,438.25
66279,2013-12,328.67
66280,2013-12,164.34
66281,2013-12,66064.68
66282,2013-12,1205.16
66283,2013-12,30129.0
66284,2013-12,10599.93
66285,2013-12,12325.5
66286,2013-12,13065.03
66287,2013-12,4382.4
66288,2013-12,28759.5
66289,2013-12,6847.5
66290,2013-12,16516.17
66291,2013-12,3286.8
66292,2013-12,219.14
66293,2013-12,438.25
66294,2013-12,219.13
66295,2013-12,273.9
66296,2013-12,219.12
66297,2013-12,328.68
66298,2013-12,219.14
66299,2013-12,54.78
66300,2013-12,273.9
66301,2013-12,438.24
66302,2013-12,1917.3
66303,2013-12,3834.6
66304,2013-12,493.02
66305,2013-12,164.34
66306,2013-12,383.46
66307,2013-12,219.12
66308,2013-12,1259.95
66309,2013-12,27609.12
66310,2013-12,1807.74
66311,2013-12,986.04
66312,2013-12,547.82
66313,2013-12,219.12
66314,2013-12,19309.95
66315,2013-12,5888.85
66316,2013-12,14160.63
66317,2013-12,1643.4
66318,2013-12,18159.57
66319,2013-12,14023.68
66320,2013-12,4546.74
66321,2013-12,54.78
66322,2013-12,273.9
66323,2013-12,219.12
66324,2013-12,547.8
66325,2013-12,219.11
66326,2013-12,821.68
66327,2013-12,1095.59
66328,2013-12,109.56
66329,2013-12,109.56
66330,2013-12,8217.0
66331,2013-12,4108.51
66332,2013-12,1095.6
66333,2013-12,438.24
66334,2013-12,219.13
66335,2013-12,109.56
66336,2013-12,31553.28
66337,2013-12,1643.4
66338,2013-12,1095.58
66339,2013-12,7888.32
66340,2013-12,5450.61
66341,2013-12,657.36
66342,2013-12,1917.3
66343,2013-12,27526.95
66344,2013-12,54.78
66345,2013-12,273.88
66346,2013-12,301.27
66347,2013-12,8764.8
66348,2013-12,547.8
66349,2013-12,438.22
66350,2013-12,219.11
66351,2014-1,11832.48
66352,2014-1,5614.95
66353,2014-1,11421.63
66354,2014-1,23911.47
66355,2014-1,3725.04
66356,2014-1,246.49
66357,2014-1,383.45
66358,2014-1,273.89
66359,2014-1,328.7
66360,2014-1,273.88
66361,2014-1,164.34
66362,2014-1,1095.6
66363,2014-1,54.78
66364,2014-1,547.82
66365,2014-1,821.7
66366,2014-1,273.9
66367,2014-1,273.9
66368,2014-1,54.78
66369,2014-1,273.91
66370,2014-1,109.56
66371,2014-1,164.34
66372,2014-1,219.12
66373,2014-1,23664.96
66374,2014-1,273.9
66375,2014-1,219.12
66376,2014-1,109.56
66377,2014-1,13804.56
66378,2014-1,6929.67
66379,2014-1,11750.31
66380,2014-1,1369.5
66381,2014-1,8764.78
66382,2014-1,16434.0
66383,2014-1,1369.5
66384,2014-1,13968.9
66385,2014-1,3560.7
66386,2014-1,219.12
66387,2014-1,54.78
66388,2014-1,547.8
66389,2014-1,1205.17
66390,2014-1,273.91
66391,2014-1,328.68
66392,2014-1,54.78
66393,2014-1,273.9
66394,2014-1,438.24
66395,2014-1,2739.0
66396,2014-1,438.23
66397,2014-1,219.12
66398,2014-1,328.68
66399,2014-1,164.33
66400,2014-1,109.56
66401,2014-1,219.14
66402,2014-1,109.56
66403,2014-1,273.9
66404,2014-1,79157.1
66405,2014-1,1369.5
66406,2014-1,164.34
66407,2014-1,657.37
66408,2014-1,3889.38
66409,2014-1,13695.0
66410,2014-1,4300.23
66411,2014-1,8353.95
66412,2014-1,12517.23
66413,2014-1,1095.6
66414,2014-1,12051.61
66415,2014-1,13695.0
66416,2014-1,2300.76
66417,2014-1,109.56
66418,2014-1,3396.36
66419,2014-1,136.95
66420,2014-1,164.32
66421,2014-1,164.34
66422,2014-1,602.6
66423,2014-1,164.34
66424,2014-1,547.8
66425,2014-1,109.56
66426,2014-1,273.9
66427,2014-1,1095.61
66428,2014-1,54.78
66429,2014-1,109.56
66430,2014-1,219.12
66431,2014-1,6025.8
66432,2014-1,2465.1
66433,2014-1,821.69
66434,2014-1,2739.0
66435,2014-1,54.78
66436,2014-1,383.46
66437,2014-1,109.56
66438,2014-1,24924.9
66439,2014-1,164.34
66440,2014-1,273.92
66441,2014-1,109.56
66442,2014-1,438.24
66443,2014-1,13695.0
66444,2014-1,4108.5
66445,2014-1,4108.5
66446,2014-1,10956.0
66447,2014-1,7121.4
66448,2014-1,2739.0
66449,2014-1,1232.53
66450,2014-1,383.48
66451,2014-1,109.56
66452,2014-1,164.35
66453,2014-1,82.17
66454,2014-1,109.56
66455,2014-1,219.12
66456,2014-1,109.56
66457,2014-1,547.8
66458,2014-1,2738.99
66459,2014-1,164.32
66460,2014-1,410.85
66461,2014-1,1369.5
66462,2014-1,3286.78
66463,2014-1,109.56
66464,2014-1,-109.56
66465,2014-1,109.57
66466,2014-1,109.56
66467,2014-1,821.72
66468,2014-1,547.8
66469,2014-1,109.56
66470,2014-1,33141.9
66471,2014-2,8299.17
66472,2014-2,5614.95
66473,2014-2,11202.51
66474,2014-2,12599.4
66475,2014-2,1369.5
66476,2014-2,11010.78
66477,2014-2,547.8
66478,2014-2,164.35
66479,2014-2,219.12
66480,2014-2,547.79
66481,2014-2,1095.59
66482,2014-2,1095.61
66483,2014-2,82.17
66484,2014-2,219.14
66485,2014-2,219.13
66486,2014-2,3012.9
66487,2014-2,4382.4
66488,2014-2,547.8
66489,2014-2,1095.6
66490,2014-2,219.11
66491,2014-2,328.68
66492,2014-2,7176.18
66493,2014-2,23007.6
66494,2014-2,1095.6
66495,2014-2,13831.95
66496,2014-2,7011.84
66497,2014-2,4245.45
66498,2014-2,5751.9
66499,2014-2,2739.01
66500,2014-2,20350.77
66501,2014-2,9641.28
66502,2014-2,27.39
66503,2014-2,109.57
66504,2014-2,164.36
66505,2014-2,164.34
66506,2014-2,219.13
66507,2014-2,328.7
66508,2014-2,438.22
66509,2014-2,328.66
66510,2014-2,602.58
66511,2014-2,109.56
66512,2014-2,164.34
66513,2014-2,273.9
66514,2014-2,547.8
66515,2014-2,328.66
66516,2014-2,164.34
66517,2014-2,273.88
66518,2014-2,46836.89
66519,2014-2,273.9
66520,2014-2,109.56
66521,2014-2,164.34
66522,2014-2,9586.5
66523,2014-2,9833.01
66524,2014-2,4409.79
66525,2014-2,13996.29
66526,2014-2,1643.4
66527,2014-2,19857.75
66528,2014-2,12462.45
66529,2014-2,4984.98
66530,2014-2,82.17
66531,2014-2,136.95
66532,2014-2,712.14
66533,2014-2,1095.61
66534,2014-2,219.11
66535,2014-2,246.51
66536,2014-2,547.82
66537,2014-2,219.11
66538,2014-2,547.8
66539,2014-2,109.56
66540,2014-2,164.34
66541,2014-2,8901.75
66542,2014-2,5204.1
66543,2014-2,10408.2
66544,2014-2,54.78
66545,2014-2,219.12
66546,2014-2,438.22
66547,2014-2,109.56
66548,2014-2,54.78
66549,2014-2,328.7
66550,2014-2,383.47
66551,2014-2,547.79
66552,2014-2,273.91
66553,2014-2,23829.3
66554,2014-2,821.7
66555,2014-2,547.81
66556,2014-2,17118.75
66557,2014-2,11038.17
66558,2014-2,5614.95
66559,2014-2,12708.96
66560,2014-2,1369.5
66561,2014-2,11229.9
66562,2014-2,13147.2
66563,2014-2,2026.86
66564,2014-2,5614.95
66565,2014-2,4382.4
66566,2014-2,27.39
66567,2014-2,273.91
66568,2014-2,328.68
66569,2014-2,328.68
66570,2014-2,54.78
66571,2014-2,219.12
66572,2014-2,219.12
66573,2014-2,219.13
66574,2014-2,164.34
66575,2014-2,986.04
66576,2014-2,547.8
66577,2014-2,1917.3
66578,2014-2,219.14
66579,2014-2,328.69
66580,2014-2,54.78
66581,2014-2,273.9
66582,2014-2,602.58
66583,2014-2,33963.6
66584,2014-2,1259.94
66585,2014-3,7258.35
66586,2014-3,8217.0
66587,2014-3,5532.78
66588,2014-3,19364.73
66589,2014-3,10134.3
66590,2014-3,9750.84
66591,2014-3,3834.6
66592,2014-3,27.39
66593,2014-3,547.79
66594,2014-3,273.91
66595,2014-3,54.78
66596,2014-3,383.46
66597,2014-3,54.78
66598,2014-3,493.02
66599,2014-3,547.8
66600,2014-3,1095.6
66601,2014-3,164.34
66602,2014-3,219.13
66603,2014-3,54.78
66604,2014-3,56149.5
66605,2014-3,657.36
66606,2014-3,8217.0
66607,2014-3,8436.12
66608,2014-3,4163.28
66609,2014-3,19529.07
66610,2014-3,8490.9
66611,2014-3,24787.95
66612,2014-3,3396.36
66613,2014-3,8408.73
66614,2014-3,27.39
66615,2014-3,-54.76
66616,2014-3,219.13
66617,2014-3,328.7
66618,2014-3,273.9
66619,2014-3,547.8
66620,2014-3,164.33
66621,2014-3,109.56
66622,2014-3,164.33
66623,2014-3,547.8
66624,2014-3,1095.6
66625,2014-3,54.78
66626,2014-3,219.12
66627,2014-3,1369.5
66628,2014-3,4382.4
66629,2014-3,5478.01
66630,2014-3,273.9
66631,2014-3,219.12
66632,2014-3,109.55
66633,2014-3,438.24
66634,2014-3,547.81
66635,2014-3,547.81
66636,2014-3,36976.5
66637,2014-3,273.9
66638,2014-3,6847.5
66639,2014-3,7258.35
66640,2014-3,2739.0
66641,2014-3,9723.45
66642,2014-3,1095.6
66643,2014-3,15475.35
66644,2014-3,8217.0
66645,2014-3,493.02
66646,2014-3,54.78
66647,2014-3,273.92
66648,2014-3,54.78
66649,2014-3,328.68
66650,2014-3,547.8
66651,2014-3,1095.61
66652,2014-3,164.34
66653,2014-3,109.56
66654,2014-3,6984.45
66655,2014-3,821.7
66656,2014-3,3560.72
66657,2014-3,-465.61
66658,2014-3,164.35
66659,2014-3,328.68
66660,2014-3,109.56
66661,2014-3,54.78
66662,2014-3,30950.7
66663,2014-3,109.56
66664,2014-3,1643.4
66665,2014-3,12599.4
66666,2014-3,9613.89
66667,2014-3,2958.12
66668,2014-3,13749.78
66669,2014-3,15338.38
66670,2014-3,7258.35
66671,2014-3,1917.3
66672,2014-3,13859.34
66673,2014-3,164.34
66674,2014-3,547.8
66675,2014-3,328.68
66676,2014-3,109.56
66677,2014-3,164.34
66678,2014-3,109.56
66679,2014-3,438.26
66680,2014-3,547.8
66681,2014-3,821.7
66682,2014-3,3286.8
66683,2014-3,6025.79
66684,2014-3,273.91
66685,2014-3,219.13
66686,2014-3,219.12
66687,2014-3,219.12
66688,2014-3,821.68
66689,2014-3,219.13
66690,2014-3,25472.7
66691,2014-3,1095.62
66692,2014-3,438.24
66693,2014-3,547.78
66694,2014-3,11065.56
66695,2014-3,20268.6
66696,2014-3,11175.12
66697,2014-3,27.39
66698,2014-3,219.13
66699,2014-4,4245.45
66700,2014-4,15119.28
66701,2014-4,1917.3
66702,2014-4,5478.0
66703,2014-4,383.48
66704,2014-4,219.12
66705,2014-4,328.67
66706,2014-4,273.9
66707,2014-4,1369.5
66708,2014-4,1643.4
66709,2014-4,328.71
66710,2014-4,328.7
66711,2014-4,164.34
66712,2014-4,50123.7
66713,2014-4,9860.4
66714,2014-4,4135.89
66715,2014-4,5751.9
66716,2014-4,5478.0
66717,2014-4,547.8
66718,2014-4,30950.7
66719,2014-4,3012.9
66720,2014-4,10983.39
66721,2014-4,273.9
66722,2014-4,54.78
66723,2014-4,273.9
66724,2014-4,547.79
66725,2014-4,109.56
66726,2014-4,1095.6
66727,2014-4,54.78
66728,2014-4,164.34
66729,2014-4,219.11
66730,2014-4,273.9
66731,2014-4,547.8
66732,2014-4,493.02
66733,2014-4,1643.38
66734,2014-4,4382.39
66735,2014-4,13831.95
66736,2014-4,5779.29
66737,2014-4,15338.4
66738,2014-4,1862.51
66739,2014-4,12325.5
66740,2014-4,8764.8
66741,2014-4,12544.62
66742,2014-4,4382.4
66743,2014-4,54.78
66744,2014-4,27.39
66745,2014-4,219.13
66746,2014-4,328.67
66747,2014-4,109.56
66748,2014-4,1643.41
66749,2014-4,164.34
66750,2014-4,438.25
66751,2014-4,547.81
66752,2014-4,54.78
66753,2014-4,109.56
66754,2014-4,438.22
66755,2014-4,219.12
66756,2014-4,164.33
66757,2014-4,6710.55
66758,2014-4,5478.0
66759,2014-4,3834.58
66760,2014-4,54.78
66761,2014-4,273.9
66762,2014-4,821.7
66763,2014-4,30539.85
66764,2014-4,11010.78
66765,2014-4,5614.95
66766,2014-4,20871.18
66767,2014-4,8764.8
66768,2014-4,45056.55
66769,2014-4,2848.56
66770,2014-4,15283.62
66771,2014-4,54.78
66772,2014-4,438.22
66773,2014-4,109.56
66774,2014-4,109.56
66775,2014-4,109.56
66776,2014-4,547.81
66777,2014-4,4108.51
66778,2014-4,821.7
66779,2014-4,1095.6
66780,2014-4,328.7
66781,2014-4,109.56
66782,2014-4,164.34
66783,2014-4,164.34
66784,2014-4,107368.8
66785,2014-4,219.12
66786,2014-4,164.34
66787,2014-4,9367.38
66788,2014-4,4327.62
66789,2014-4,6902.28
66790,2014-4,8353.95
66791,2014-4,3560.7
66792,2014-4,136.95
66793,2014-4,27.39
66794,2014-4,273.89
66795,2014-4,109.56
66796,2014-4,219.11
66797,2014-4,1095.61
66798,2014-4,547.8
66799,2014-4,4382.4
66800,2014-4,438.22
66801,2014-4,383.46
66802,2014-4,54.78
66803,2014-4,54.78
66804,2014-4,657.37
66805,2014-5,9778.23
66806,2014-5,1287.33
66807,2014-5,164.34
66808,2014-5,164.34
66809,2014-5,602.58
66810,2014-5,82.17
66811,2014-5,273.9
66812,2014-5,219.12
66813,2014-5,164.34
66814,2014-5,547.8
66815,2014-5,438.23
66816,2014-5,1369.5
66817,2014-5,2738.98
66818,2014-5,109.56
66819,2014-5,29033.4
66820,2014-5,273.9
66821,2014-5,12161.16
66822,2014-5,4245.45
66823,2014-5,10408.2
66824,2014-5,1917.3
66825,2014-5,5614.95
66826,2014-5,2465.1
66827,2014-5,15091.89
66828,2014-5,82.17
66829,2014-5,438.24
66830,2014-5,219.12
66831,2014-5,54.78
66832,2014-5,547.79
66833,2014-5,164.34
66834,2014-5,164.36
66835,2014-5,821.7
66836,2014-5,547.8
66837,2014-5,547.8
66838,2014-5,219.12
66839,2014-5,438.23
66840,2014-5,328.69
66841,2014-5,219.12
66842,2014-5,164.34
66843,2014-5,219.12
66844,2014-5,328.7
66845,2014-5,273.9
66846,2014-5,1643.41
66847,2014-5,219.13
66848,2014-5,328.68
66849,2014-5,24870.12
66850,2014-5,-54.78
66851,2014-5,5614.95
66852,2014-5,22048.95
66853,2014-5,27.39
66854,2014-5,1643.4
66855,2014-5,5478.0
66856,2014-5,16160.1
66857,2014-5,18022.62
66858,2014-5,3889.38
66859,2014-5,82.17
66860,2014-5,273.88
66861,2014-5,164.34
66862,2014-5,219.11
66863,2014-5,164.34
66864,2014-5,1095.59
66865,2014-5,219.11
66866,2014-5,164.35
66867,2014-5,821.7
66868,2014-5,547.8
66869,2014-5,328.69
66870,2014-5,164.33
66871,2014-5,547.82
66872,2014-5,86004.6
66873,2014-5,438.24
66874,2014-5,1095.62
66875,2014-5,273.9
66876,2014-5,328.68
66877,2014-5,109.56
66878,2014-5,12325.5
66879,2014-5,4108.5
66880,2014-5,1616.01
66881,2014-5,876.48
66882,2014-5,13968.9
66883,2014-5,19720.8
66884,2014-5,2739.0
66885,2014-5,4218.06
66886,2014-5,273.91
66887,2014-5,328.67
66888,2014-5,164.34
66889,2014-5,273.9
66890,2014-5,5751.9
66891,2014-5,2465.1
66892,2014-5,273.88
66893,2014-5,438.23
66894,2014-5,219.12
66895,2014-5,273.92
66896,2014-5,219.12
66897,2014-5,34374.45
66898,2014-5,1314.71
66899,2014-5,17940.45
66900,2014-5,9586.5
66901,2014-5,5478.0
66902,2014-5,26403.96
66903,2014-5,3012.9
66904,2014-5,16434.0
66905,2014-5,8217.0
66906,2014-5,4683.69
66907,2014-5,27.39
66908,2014-5,219.14
66909,2014-5,493.01
66910,2014-5,328.68
66911,2014-5,109.56
66912,2014-5,54.78
66913,2014-5,109.58
66914,2014-5,54.78
66915,2014-5,9860.4
66916,2014-5,1095.6
66917,2014-5,164.34
66918,2014-5,109.56
66919,2014-5,109.55
66920,2014-5,54.78
66921,2014-5,547.8
66922,2014-5,47384.71
66923,2014-5,273.9
66924,2014-6,493.02
66925,2014-6,12599.4
66926,2014-6,11229.9
66927,2014-6,4108.5
66928,2014-6,2958.12
66929,2014-6,3286.78
66930,2014-6,17803.5
66931,2014-6,6984.45
66932,2014-6,821.71
66933,2014-6,273.91
66934,2014-6,273.9
66935,2014-6,602.59
66936,2014-6,136.95
66937,2014-6,219.12
66938,2014-6,273.9
66939,2014-6,2738.98
66940,2014-6,219.1
66941,2014-6,109.56
66942,2014-6,219.13
66943,2014-6,54.78
66944,2014-6,1095.61
66945,2014-6,438.24
66946,2014-6,33552.75
66947,2014-6,109.55
66948,2014-6,876.49
66949,2014-6,328.67
66950,2014-6,13695.0
66951,2014-6,7121.4
66952,2014-6,11531.19
66953,2014-6,30265.95
66954,2014-6,2191.2
66955,2014-6,24952.29
66956,2014-6,6491.43
66957,2014-6,82.17
66958,2014-6,109.56
66959,2014-6,136.96
66960,2014-6,164.34
66961,2014-6,273.9
66962,2014-6,109.56
66963,2014-6,219.11
66964,2014-6,1369.5
66965,2014-6,54.78
66966,2014-6,54.78
66967,2014-6,547.8
66968,2014-6,2465.1
66969,2014-6,5478.0
66970,2014-6,547.8
66971,2014-6,547.82
66972,2014-6,219.1
66973,2014-6,219.13
66974,2014-6,49302.0
66975,2014-6,383.47
66976,2014-6,657.36
66977,2014-6,17118.75
66978,2014-6,9641.28
66979,2014-6,15119.28
66980,2014-6,219.11
66981,2014-6,109.56
66982,2014-6,109.56
66983,2014-6,54.78
66984,2014-6,54.78
66985,2014-6,109.55
66986,2014-6,438.26
66987,2014-6,164.34
66988,2014-6,1533.86
66989,2014-6,2739.0
66990,2014-6,328.66
66991,2014-6,109.56
66992,2014-6,82.17
66993,2014-6,328.7
66994,2014-6,109.56
66995,2014-6,383.45
66996,2014-6,109.56
66997,2014-6,24924.9
66998,2014-6,986.05
66999,2014-6,821.7
67000,2014-6,6984.45
67001,2014-6,27499.56
67002,2014-6,13914.12
67003,2014-6,16598.34
67004,2014-6,1643.4
67005,2014-6,8217.0
67006,2014-6,18625.2
67007,2014-6,3012.9
67008,2014-6,16570.95
67009,2014-6,273.9
67010,2014-6,602.59
67011,2014-6,328.68
67012,2014-6,492.99
67013,2014-6,328.67
67014,2014-6,657.38
67015,2014-6,328.68
67016,2014-6,164.34
67017,2014-6,109.56
67018,2014-6,54.78
67019,2014-6,219.12
67020,2014-6,219.13
67021,2014-6,4656.3
67022,2014-6,164.34
67023,2014-6,657.36
67024,2014-6,219.1
67025,2014-6,48891.13
67026,2014-6,1643.4
67027,2014-6,109.56
67028,2014-6,547.8
67029,2014-6,1643.38
67030,2014-6,54.78
67031,2014-6,15064.5
67032,2014-6,219.12
67033,2014-6,273.89
67034,2014-7,19227.78
67035,2014-7,24651.0
67036,2014-7,7723.98
67037,2014-7,27.39
67038,2014-7,273.89
67039,2014-7,273.91
67040,2014-7,109.56
67041,2014-7,1643.42
67042,2014-7,657.36
67043,2014-7,1643.4
67044,2014-7,1095.6
67045,2014-7,109.56
67046,2014-7,493.02
67047,2014-7,164.34
67048,2014-7,328.69
67049,2014-7,383.46
67050,2014-7,821.68
67051,2014-7,28896.45
67052,2014-7,164.34
67053,2014-7,1205.17
67054,2014-7,6107.98
67055,2014-7,23555.4
67056,2014-7,9586.5
67057,2014-7,6929.66
67058,2014-7,8271.78
67059,2014-7,2191.2
67060,2014-7,9586.51
67061,2014-7,31909.35
67062,2014-7,3834.6
67063,2014-7,9750.84
67064,2014-7,547.8
67065,2014-7,821.71
67066,2014-7,383.47
67067,2014-7,164.34
67068,2014-7,766.9
67069,2014-7,328.68
67070,2014-7,273.9
67071,2014-7,219.12
67072,2014-7,164.33
67073,2014-7,7806.15
67074,2014-7,7669.2
67075,2014-7,9312.6
67076,2014-7,1095.6
67077,2014-7,219.1
67078,2014-7,109.56
67079,2014-7,438.24
67080,2014-7,54.78
67081,2014-7,164.34
67082,2014-7,74226.9
67083,2014-7,109.56
67084,2014-7,9586.5
67085,2014-7,3040.29
67086,2014-7,26513.52
67087,2014-7,20953.35
67088,2014-7,17885.67
67089,2014-7,2191.2
67090,2014-7,27.39
67091,2014-7,219.14
67092,2014-7,219.13
67093,2014-7,219.12
67094,2014-7,1369.5
67095,2014-7,109.56
67096,2014-7,54.78
67097,2014-7,328.68
67098,2014-7,438.24
67099,2014-7,8764.8
67100,2014-7,1095.6
67101,2014-7,39578.55
67102,2014-7,1040.82
67103,2014-7,109.56
67104,2014-7,22596.75
67105,2014-7,9586.5
67106,2014-7,2739.0
67107,2014-7,13996.29
67108,2014-7,821.7
67109,2014-7,4108.48
67110,2014-7,12599.41
67111,2014-7,3286.8
67112,2014-7,9641.28
67113,2014-7,438.26
67114,2014-7,136.95
67115,2014-7,1369.49
67116,2014-7,383.46
67117,2014-7,164.33
67118,2014-7,164.32
67119,2014-7,44234.85
67120,2014-7,547.8
67121,2014-7,54.78
67122,2014-7,11038.17
67123,2014-7,8490.9
67124,2014-7,1369.5
67125,2014-7,1095.6
67126,2014-7,9860.4
67127,2014-7,10956.0
67128,2014-7,7450.08
67129,2014-7,164.34
67130,2014-7,136.94
67131,2014-7,2191.22
67132,2014-7,273.89
67133,2014-7,6025.8
67134,2014-7,1095.6
67135,2014-7,4656.3
67136,2014-7,219.12
67137,2014-7,109.56
67138,2014-7,54.78
67139,2014-7,438.23
67140,2014-7,1424.28
67141,2014-8,109.56
67142,2014-8,22185.9
67143,2014-8,7039.23
67144,2014-8,6984.45
67145,2014-8,16762.68
67146,2014-8,547.8
67147,2014-8,5478.02
67148,2014-8,19857.75
67149,2014-8,1643.4
67150,2014-8,9613.89
67151,2014-8,109.56
67152,2014-8,328.69
67153,2014-8,219.12
67154,2014-8,219.12
67155,2014-8,273.9
67156,2014-8,9860.4
67157,2014-8,4382.4
67158,2014-8,328.67
67159,2014-8,219.11
67160,2014-8,219.12
67161,2014-8,54.78
67162,2014-8,54.78
67163,2014-8,109.56
67164,2014-8,547.8
67165,2014-8,52999.65
67166,2014-8,7094.01
67167,2014-8,9723.45
67168,2014-8,12407.67
67169,2014-8,12325.52
67170,2014-8,12818.52
67171,2014-8,1095.61
67172,2014-8,5477.99
67173,2014-8,19173.0
67174,2014-8,16707.9
67175,2014-8,2355.54
67176,2014-8,1095.62
67177,2014-8,164.33
67178,2014-8,1643.4
67179,2014-8,547.8
67180,2014-8,273.9
67181,2014-8,219.13
67182,2014-8,54.78
67183,2014-8,164.34
67184,2014-8,30129.0
67185,2014-8,273.9
67186,2014-8,1643.39
67187,2014-8,4382.4
67188,2014-8,15119.28
67189,2014-8,13147.2
67190,2014-8,219.12
67191,2014-8,164.34
67192,2014-8,328.68
67193,2014-8,219.12
67194,2014-8,109.56
67195,2014-8,1095.58
67196,2014-8,54.78
67197,2014-8,164.34
67198,2014-8,219.12
67199,2014-8,5614.95
67200,2014-8,328.68
67201,2014-8,109.56
67202,2014-8,219.13
67203,2014-8,109.56
67204,2014-8,1095.61
67205,2014-8,24240.15
67206,2014-8,1643.4
67207,2014-8,2739.0
67208,2014-8,2793.78
67209,2014-8,4245.45
67210,2014-8,5478.0
67211,2014-8,3286.82
67212,2014-8,6025.8
67213,2014-8,24514.05
67214,2014-8,3834.6
67215,2014-8,8271.78
67216,2014-8,7395.3
67217,2014-8,191.73
67218,2014-8,438.22
67219,2014-8,219.13
67220,2014-8,493.02
67221,2014-8,821.69
67222,2014-8,164.35
67223,2014-8,657.35
67224,2014-8,547.8
67225,2014-8,273.9
67226,2014-8,931.26
67227,2014-8,5478.0
67228,2014-8,219.14
67229,2014-8,273.9
67230,2014-8,328.69
67231,2014-8,273.91
67232,2014-8,219.12
67233,2014-8,273.91
67234,2014-8,328.68
67235,2014-8,23829.3
67236,2014-8,547.8
67237,2014-8,547.78
67238,2014-9,9586.5
67239,2014-9,12681.57
67240,2014-9,19529.07
67241,2014-9,547.8
67242,2014-9,5478.0
67243,2014-9,2191.2
67244,2014-9,19255.17
67245,2014-9,109.56
67246,2014-9,164.34
67247,2014-9,164.34
67248,2014-9,438.25
67249,2014-9,109.56
67250,2014-9,328.68
67251,2014-9,219.11
67252,2014-9,328.68
67253,2014-9,219.11
67254,2014-9,273.89
67255,2014-9,547.81
67256,2014-9,1150.37
67257,2014-9,44234.85
67258,2014-9,164.34
67259,2014-9,657.37
67260,2014-9,1068.21
67261,2014-9,6847.5
67262,2014-9,20953.37
67263,2014-9,4738.47
67264,2014-9,7148.79
67265,2014-9,27390.0
67266,2014-9,9230.43
67267,2014-9,602.58
67268,2014-9,197.2
67269,2014-9,82.19
67270,2014-9,219.13
67271,2014-9,109.56
67272,2014-9,164.33
67273,2014-9,164.33
67274,2014-9,164.33
67275,2014-9,1643.41
67276,2014-9,1917.3
67277,2014-9,328.69
67278,2014-9,164.34
67279,2014-9,35607.02
67280,2014-9,164.34
67281,2014-9,328.68
67282,2014-9,1588.62
67283,2014-9,27.39
67284,2014-9,9723.45
67285,2014-9,9915.18
67286,2014-9,13749.78
67287,2014-9,16981.8
67288,2014-9,18351.3
67289,2014-9,2848.56
67290,2014-9,273.9
67291,2014-9,273.88
67292,2014-9,547.78
67293,2014-9,54.78
67294,2014-9,1369.51
67295,2014-9,1095.6
67296,2014-9,109.56
67297,2014-9,383.46
67298,2014-9,547.8
67299,2014-9,3286.8
67300,2014-9,54.78
67301,2014-9,328.67
67302,2014-9,164.35
67303,2014-9,109.56
67304,2014-9,273.9
67305,2014-9,273.92
67306,2014-9,27390.0
67307,2014-9,547.8
67308,2014-9,1095.59
67309,2014-9,1862.52
67310,2014-9,15475.35
67311,2014-9,4163.28
67312,2014-9,11777.7
67313,2014-9,12873.3
67314,2014-9,1643.42
67315,2014-9,3012.9
67316,2014-9,17529.6
67317,2014-9,3834.6
67318,2014-9,15776.64
67319,2014-9,109.56
67320,2014-9,164.34
67321,2014-9,712.11
67322,2014-9,219.12
67323,2014-9,109.56
67324,2014-9,109.56
67325,2014-9,3971.55
67326,2014-9,2191.2
67327,2014-9,6573.61
67328,2014-9,547.8
67329,2014-9,164.34
67330,2014-9,219.13
67331,2014-9,164.33
67332,2014-9,55601.72
67333,2014-9,273.9
67334,2014-9,273.9
67335,2014-9,18543.03
67336,2014-9,-0.01
67337,2014-9,25472.7
67338,2014-9,4108.5
67339,2014-9,219.14
67340,2014-9,109.56
67341,2014-10,9668.67
67342,2014-10,12791.13
67343,2014-10,1205.17
67344,2014-10,109.57
67345,2014-10,1369.49
67346,2014-10,547.8
67347,2014-10,9860.4
67348,2014-10,547.79
67349,2014-10,657.36
67350,2014-10,273.9
67351,2014-10,27800.85
67352,2014-10,328.67
67353,2014-10,164.34
67354,2014-10,21227.26
67355,2014-10,5587.56
67356,2014-10,6573.6
67357,2014-10,20789.01
67358,2014-10,1150.38
67359,2014-10,14242.8
67360,2014-10,29855.1
67361,2014-10,3286.8
67362,2014-10,24952.29
67363,2014-10,602.58
67364,2014-10,712.16
67365,2014-10,547.82
67366,2014-10,1369.5
67367,2014-10,54.78
67368,2014-10,2465.1
67369,2014-10,273.92
67370,2014-10,273.89
67371,2014-10,219.12
67372,2014-10,49575.9
67373,2014-10,1369.5
67374,2014-10,273.9
67375,2014-10,3944.16
67376,2014-10,2739.0
67377,2014-10,11805.09
67378,2014-10,6573.6
67379,2014-10,7148.79
67380,2014-10,15612.3
67381,2014-10,9367.38
67382,2014-10,164.34
67383,2014-10,219.11
67384,2014-10,328.68
67385,2014-10,109.56
67386,2014-10,273.92
67387,2014-10,684.75
67388,2014-10,54.78
67389,2014-10,273.88
67390,2014-10,547.81
67391,2014-10,438.24
67392,2014-10,40674.15
67393,2014-10,986.04
67394,2014-10,657.37
67395,2014-10,547.8
67396,2014-10,5313.67
67397,2014-10,8298.6
67398,2014-10,10462.98
67399,2014-10,15501.22
67400,2014-10,3560.71
67401,2014-10,4108.5
67402,2014-10,2739.0
67403,2014-10,2766.39
67404,2014-10,273.9
67405,2014-10,219.11
67406,2014-10,219.12
67407,2014-10,219.12
67408,2014-10,164.35
67409,2014-10,4656.3
67410,2014-10,547.8
67411,2014-10,273.91
67412,2014-10,438.25
67413,2014-10,328.67
67414,2014-10,273.89
67415,2014-10,109.56
67416,2014-10,109.56
67417,2014-10,547.8
67418,2014-10,39299.9
67419,2014-10,164.33
67420,2014-10,986.04
67421,2014-10,383.46
67422,2014-10,27.39
67423,2014-10,10542.29
67424,2014-10,2956.6
67425,2014-10,7943.1
67426,2014-10,16461.2
67427,2014-10,-383.46
67428,2014-10,10132.4
67429,2014-10,9038.7
67430,2014-10,135.99
67431,2014-10,219.12
67432,2014-10,164.34
67433,2014-10,1643.41
67434,2014-10,493.03
67435,2014-10,876.48
67436,2014-10,108.8
67437,2014-10,328.68
67438,2014-10,1643.39
67439,2014-10,1095.61
67440,2014-10,273.9
67441,2014-10,164.35
67442,2014-10,3834.6
67443,2014-10,219.11
67444,2014-10,328.68
67445,2014-10,54.78
67446,2014-10,438.24
67447,2014-10,547.81
67448,2014-10,24787.95
67449,2014-10,273.9
67450,2014-10,4820.64
67451,2014-11,164.34
67452,2014-11,54.78
67453,2014-11,13913.17
67454,2014-11,18678.46
67455,2014-11,5204.1
67456,2014-11,12325.5
67457,2014-11,712.14
67458,2014-11,21251.64
67459,2014-11,3396.36
67460,2014-11,12106.0
67461,2014-11,218.74
67462,2014-11,328.69
67463,2014-11,493.03
67464,2014-11,219.11
67465,2014-11,328.68
67466,2014-11,219.12
67467,2014-11,438.24
67468,2014-11,1095.6
67469,2014-11,0.01
67470,2014-11,5478.0
67471,2014-11,20816.4
67472,2014-11,164.34
67473,2014-11,328.68
67474,2014-11,328.66
67475,2014-11,109.55
67476,2014-11,108.82
67477,2014-11,62997.01
67478,2014-11,109.55
67479,2014-11,602.57
67480,2014-11,1259.94
67481,2014-11,217.64
67482,2014-11,27856.68
67483,2014-11,16156.83
67484,2014-11,5168.95
67485,2014-11,8217.0
67486,2014-11,19378.5
67487,2014-11,34057.2
67488,2014-11,29577.93
67489,2014-11,108.82
67490,2014-11,656.61
67491,2014-11,246.33
67492,2014-11,219.12
67493,2014-11,54.41
67494,2014-11,163.59
67495,2014-11,816.01
67496,2014-11,2455.85
67497,2014-11,2727.9
67498,2014-11,54.78
67499,2014-11,219.12
67500,2014-11,163.2
67501,2014-11,54.4
67502,2014-11,272.05
67503,2014-11,273.9
67504,2014-11,163.2
67505,2014-11,68699.5
67506,2014-11,328.69
67507,2014-11,2071.19
67508,2014-11,27.2
67509,2014-11,27721.85
67510,2014-11,6555.1
67511,2014-11,27751.73
67512,2014-11,1088.2
67513,2014-11,1795.22
67514,2014-11,24230.31
67515,2014-11,18308.95
67516,2014-11,979.35
67517,2014-11,108.82
67518,2014-11,217.63
67519,2014-11,163.23
67520,2014-11,108.82
67521,2014-11,-54.39
67522,2014-11,2463.25
67523,2014-11,544.1
67524,2014-11,380.89
67525,2014-11,163.23
67526,2014-11,707.3
67527,2014-11,57889.6
67528,2014-11,1469.07
67529,2014-11,1088.21
67530,2014-11,489.6
67531,2014-11,25680.07
67532,2014-11,4299.65
67533,2014-11,163.2
67534,2014-11,15669.7
67535,2014-11,21899.4
67536,2014-11,4352.8
67537,2014-11,5441.0
67538,2014-11,1795.5
67539,2014-11,108.81
67540,2014-11,108.82
67541,2014-11,326.38
67542,2014-11,108.82
67543,2014-11,54.41
67544,2014-11,108.82
67545,2014-11,544.12
67546,2014-11,54.41
67547,2014-11,5440.99
67548,2014-11,1632.3
67549,2014-11,652.92
67550,2014-11,326.41
67551,2014-11,217.64
67552,2014-11,108.83
67553,2014-11,108.82
67554,2014-11,27557.6
67555,2014-11,544.1
67556,2014-11,544.11
67557,2014-11,1088.2
67558,2014-11,761.74
67559,2014-11,4352.8
67560,2014-12,-0.01
67561,2014-12,1088.2
67562,2014-12,272.0
67563,2014-12,707.32
67564,2014-12,380.87
67565,2014-12,217.64
67566,2014-12,108.82
67567,2014-12,326.4
67568,2014-12,652.81
67569,2014-12,163.22
67570,2014-12,272.0
67571,2014-12,15506.85
67572,2014-12,6991.6
67573,2014-12,29925.5
67574,2014-12,1088.2
67575,2014-12,6801.25
67576,2014-12,29923.5
67577,2014-12,11426.1
67578,2014-12,326.4
67579,2014-12,544.09
67580,2014-12,326.45
67581,2014-12,108.82
67582,2014-12,217.63
67583,2014-12,2121.6
67584,2014-12,54.41
67585,2014-12,816.0
67586,2014-12,544.1
67587,2014-12,272.06
67588,2014-12,217.64
67589,2014-12,28372.09
67590,2014-12,272.05
67591,2014-12,2094.65
67592,2014-12,31720.7
67593,2014-12,18499.4
67594,2014-12,27096.0
67595,2014-12,14989.95
67596,2014-12,3754.22
67597,2014-12,5713.0
67598,2014-12,27748.6
67599,2014-12,2992.55
67600,2014-12,16431.7
67601,2014-12,326.41
67602,2014-12,272.06
67603,2014-12,108.8
67604,2014-12,326.47
67605,2014-12,1468.78
67606,2014-12,2720.48
67607,2014-12,108.82
67608,2014-12,1088.2
67609,2014-12,3808.55
67610,2014-12,4080.73
67611,2014-12,163.21
67612,2014-12,489.62
67613,2014-12,272.05
67614,2014-12,816.15
67615,2014-12,5767.22
67616,2014-12,69421.4
67617,2014-12,108.82
67618,2014-12,108.82
67619,2014-12,14472.4
67620,2014-12,17139.15
67621,2014-12,380.8
67622,2014-12,23314.65
67623,2014-12,1795.2
67624,2014-12,15234.2
67625,2014-12,3645.47
67626,2014-12,30793.74
67627,2014-12,979.39
67628,2014-12,761.76
67629,2014-12,435.22
67630,2014-12,217.63
67631,2014-12,1632.0
67632,2014-12,54.41
67633,2014-12,108.83
67634,2014-12,217.66
67635,2014-12,3263.98
67636,2014-12,8433.55
67637,2014-12,108.82
67638,2014-12,272.03
67639,2014-12,326.46
67640,2014-12,163.23
67641,2014-12,108.81
67642,2014-12,544.1
67643,2014-12,87188.5
67644,2014-12,1904.35
67645,2014-12,54.41
67646,2014-12,15342.9
67647,2014-12,22688.3
67648,2014-12,33133.5
67649,2014-12,20838.7
67650,2014-12,217.64
67651,2014-12,217.64
67652,2014-12,544.08
67653,2014-12,5713.05
67654,2014-12,272.05
67655,2014-12,217.65
67656,2014-12,544.1
67657,2014-12,924.97
67658,2014-12,163.23
67659,2014-12,1632.31
67660,2014-12,3482.0
67661,2015-1,8161.5
67662,2015-1,1795.2
67663,2015-1,598.46
67664,2015-1,35909.4
67665,2015-1,10826.6
67666,2015-1,5767.4
67667,2015-1,652.91
67668,2015-1,489.59
67669,2015-1,326.44
67670,2015-1,489.6
67671,2015-1,326.46
67672,2015-1,163.24
67673,2015-1,1632.0
67674,2015-1,217.64
67675,2015-1,326.46
67676,2015-1,326.46
67677,2015-1,544.12
67678,2015-1,90535.6
67679,2015-1,870.58
67680,2015-1,272.05
67681,2015-1,2176.4
67682,2015-1,36181.0
67683,2015-1,2121.6
67684,2015-1,27966.35
67685,2015-1,544.1
67686,2015-1,12514.3
67687,2015-1,2720.5
67688,2015-1,8433.4
67689,2015-1,4678.91
67690,2015-1,598.43
67691,2015-1,1305.58
67692,2015-1,108.82
67693,2015-1,272.05
67694,2015-1,272.05
67695,2015-1,1632.01
67696,2015-1,1088.2
67697,2015-1,54.41
67698,2015-1,108.83
67699,2015-1,7073.3
67700,2015-1,108.82
67701,2015-1,108.83
67702,2015-1,544.09
67703,2015-1,326.39
67704,2015-1,67790.91
67705,2015-1,163.23
67706,2015-1,707.33
67707,2015-1,979.23
67708,2015-1,4025.95
67709,2015-1,4026.34
67710,2015-1,14418.5
67711,2015-1,652.8
67712,2015-1,5495.35
67713,2015-1,11153.75
67714,2015-1,272.05
67715,2015-1,19423.05
67716,2015-1,12514.0
67717,2015-1,816.15
67718,2015-1,8704.7
67719,2015-1,4352.8
67720,2015-1,544.09
67721,2015-1,652.82
67722,2015-1,1305.61
67723,2015-1,108.82
67724,2015-1,652.79
67725,2015-1,1904.35
67726,2015-1,5440.1
67727,2015-1,652.81
67728,2015-1,108.82
67729,2015-1,217.63
67730,2015-1,163.22
67731,2015-1,108.82
67732,2015-1,59629.4
67733,2015-1,870.51
67734,2015-1,2176.4
67735,2015-1,217.64
67736,2015-1,4515.7
67737,2015-1,6692.4
67738,2015-1,16975.65
67739,2015-1,272.05
67740,2015-1,16267.58
67741,2015-1,21219.3
67742,2015-1,7290.55
67743,2015-1,1033.7
67744,2015-1,163.23
67745,2015-1,-326.39
67746,2015-1,489.61
67747,2015-1,54.41
67748,2015-1,5440.1
67749,2015-1,217.65
67750,2015-1,544.09
67751,2015-1,163.23
67752,2015-1,652.8
67753,2015-1,163.23
67754,2015-1,108.82
67755,2015-1,1088.03
67756,2015-1,4080.75
67757,2015-1,5984.5
67758,2015-1,1088.2
67759,2015-1,435.27
67760,2015-1,217.64
67761,2015-1,26224.3
67762,2015-1,816.15
67763,2015-1,2176.22
67764,2015-1,54.41
67765,2015-2,4080.75
67766,2015-2,3046.9
67767,2015-2,6855.6
67768,2015-2,14091.35
67769,2015-2,1088.2
67770,2015-2,25843.4
67771,2015-2,3916.8
67772,2015-2,707.33
67773,2015-2,108.82
67774,2015-2,108.82
67775,2015-2,489.68
67776,2015-2,816.16
67777,2015-2,272.05
67778,2015-2,272.05
67779,2015-2,272.04
67780,2015-2,217.64
67781,2015-2,35092.5
67782,2015-2,54.41
67783,2015-2,1088.19
67784,2015-2,217.64
67785,2015-2,489.59
67786,2015-2,1577.89
67787,2015-2,163.23
67788,2015-2,19478.45
67789,2015-2,12731.25
67790,2015-2,326.4
67791,2015-2,15723.95
67792,2015-2,9031.4
67793,2015-2,16865.6
67794,2015-2,2829.32
67795,2015-2,23068.7
67796,2015-2,272.0
67797,2015-2,163.2
67798,2015-2,1305.57
67799,2015-2,979.2
67800,2015-2,489.6
67801,2015-2,163.2
67802,2015-2,163.21
67803,2015-2,8977.2
67804,2015-2,4896.92
67805,2015-2,1142.43
67806,2015-2,652.8
67807,2015-2,163.2
67808,2015-2,652.8
67809,2015-2,707.31
67810,2015-2,49728.1
67811,2015-2,1469.01
67812,2015-2,816.0
67813,2015-2,4080.75
67814,2015-2,16377.05
67815,2015-2,7889.45
67816,2015-2,22633.9
67817,2015-2,2720.5
67818,2015-2,12241.5
67819,2015-2,15016.05
67820,2015-2,435.3
67821,2015-2,326.4
67822,2015-2,1142.38
67823,2015-2,163.23
67824,2015-2,816.01
67825,2015-2,163.19
67826,2015-2,1088.2
67827,2015-2,4896.9
67828,2015-2,489.59
67829,2015-2,652.82
67830,2015-2,326.45
67831,2015-2,217.64
67832,2015-2,163.19
67833,2015-2,544.1
67834,2015-2,37106.3
67835,2015-2,652.8
67836,2015-2,-0.02
67837,2015-2,54.41
67838,2015-2,9956.7
67839,2015-2,4787.9
67840,2015-2,6148.15
67841,2015-2,10391.65
67842,2015-2,14962.3
67843,2015-2,3536.65
67844,2015-2,17083.75
67845,2015-2,489.59
67846,2015-2,1631.99
67847,2015-2,870.56
67848,2015-2,326.39
67849,2015-2,108.82
67850,2015-2,43471.1
67851,2015-2,163.23
67852,2015-2,1305.59
67853,2015-2,1196.84
67854,2015-3,10119.6
67855,2015-3,1849.85
67856,2015-3,9303.9
67857,2015-3,5441.0
67858,2015-3,26659.4
67859,2015-3,3155.45
67860,2015-3,4787.96
67861,2015-3,326.38
67862,2015-3,108.83
67863,2015-3,163.23
67864,2015-3,163.2
67865,2015-3,489.61
67866,2015-3,54.41
67867,2015-3,163.2
67868,2015-3,108.82
67869,2015-3,54.41
67870,2015-3,544.11
67871,2015-3,326.46
67872,2015-3,69151.15
67873,2015-3,326.4
67874,2015-3,54.41
67875,2015-3,17137.5
67876,2015-3,13982.95
67877,2015-3,6855.6
67878,2015-3,16975.05
67879,2015-3,1632.32
67880,2015-3,14472.4
67881,2015-3,13057.5
67882,2015-3,1904.35
67883,2015-3,13928.3
67884,2015-3,707.3
67885,2015-3,652.92
67886,2015-3,544.08
67887,2015-3,761.66
67888,2015-3,217.63
67889,2015-3,652.78
67890,2015-3,1632.32
67891,2015-3,108.82
67892,2015-3,54.41
67893,2015-3,1305.62
67894,2015-3,1088.2
67895,2015-3,1088.2
67896,2015-3,163.21
67897,2015-3,108.81
67898,2015-3,326.41
67899,2015-3,27205.0
67900,2015-3,272.05
67901,2015-3,326.38
67902,2015-3,924.97
67903,2015-3,6637.84
67904,2015-3,14418.5
67905,2015-3,9085.75
67906,2015-3,4352.5
67907,2015-3,24102.7
67908,2015-3,1795.2
67909,2015-3,20131.1
67910,2015-3,9466.35
67911,2015-3,816.03
67912,2015-3,489.59
67913,2015-3,54.41
67914,2015-3,163.19
67915,2015-3,816.01
67916,2015-3,4080.02
67917,2015-3,1904.35
67918,2015-3,4352.8
67919,2015-3,5440.7
67920,2015-3,108.82
67921,2015-3,272.05
67922,2015-3,54.41
67923,2015-3,58269.15
67924,2015-3,1414.67
67925,2015-3,979.18
67926,2015-3,2176.4
67927,2015-3,9466.35
67928,2015-3,8868.65
67929,2015-3,10827.51
67930,2015-3,22415.3
67931,2015-3,2176.4
67932,2015-3,17627.85
67933,2015-3,21218.7
67934,2015-3,2720.5
67935,2015-3,16594.15
67936,2015-3,217.64
67937,2015-3,272.05
67938,2015-3,652.81
67939,2015-3,326.39
67940,2015-3,544.1
67941,2015-3,1632.31
67942,2015-3,163.24
67943,2015-3,5712.0
67944,2015-3,2176.4
67945,2015-3,108.82
67946,2015-3,489.6
67947,2015-3,326.4
67948,2015-3,163.21
67949,2015-3,217.65
67950,2015-3,816.15
67951,2015-3,1033.81
67952,2015-3,12186.85
67953,2015-3,108.82
67954,2015-3,544.1
67955,2015-3,1305.61
67956,2015-3,-0.02
67957,2015-3,54.41
67958,2015-3,10827.05
67959,2015-3,1958.4
67960,2015-3,15233.0
67961,2015-3,26876.5
67962,2015-3,979.2
67963,2015-3,544.12
67964,2015-3,326.4
67965,2015-3,54.41
67966,2015-3,816.0
67967,2015-3,870.58
67968,2015-3,163.2
67969,2015-3,108.82
67970,2015-3,1468.8
67971,2015-4,20783.3
67972,2015-4,9248.5
67973,2015-4,1088.2
67974,2015-4,35365.0
67975,2015-4,4080.75
67976,2015-4,707.3
67977,2015-4,217.63
67978,2015-4,816.14
67979,2015-4,652.8
67980,2015-4,979.21
67981,2015-4,1632.3
67982,2015-4,4352.2
67983,2015-4,54.41
67984,2015-4,326.46
67985,2015-4,108.82
67986,2015-4,544.09
67987,2015-4,66810.2
67988,2015-4,1632.3
67989,2015-4,326.4
67990,2015-4,19478.45
67991,2015-4,12677.35
67992,2015-4,10555.3
67993,2015-4,12567.15
67994,2015-4,544.1
67995,2015-4,5930.3
67996,2015-4,489.59
67997,2015-4,163.23
67998,2015-4,979.19
67999,2015-4,489.6
68000,2015-4,652.78
68001,2015-4,326.4
68002,2015-4,54.41
68003,2015-4,2176.4
68004,2015-4,326.43
68005,2015-4,46681.8
68006,2015-4,489.69
68007,2015-4,5114.51
68008,2015-4,816.0
68009,2015-4,3916.8
68010,2015-4,326.4
68011,2015-4,28837.0
68012,2015-4,544.11
68013,2015-4,19423.05
68014,2015-4,2720.5
68015,2015-4,7943.8
68016,2015-4,2829.2
68017,2015-4,108.82
68018,2015-4,979.28
68019,2015-4,489.59
68020,2015-4,217.63
68021,2015-4,489.61
68022,2015-4,163.2
68023,2015-4,54.41
68024,2015-4,2176.4
68025,2015-4,544.1
68026,2015-4,217.64
68027,2015-4,108.81
68028,2015-4,544.1
68029,2015-4,217.64
68030,2015-4,217.64
68031,2015-4,27149.6
68032,2015-4,2774.55
68033,2015-4,272.05
68034,2015-4,10065.64
68035,2015-4,7671.15
68036,2015-4,11208.1
68037,2015-4,5168.95
68038,2015-4,7072.25
68039,2015-4,1904.35
68040,2015-4,10064.5
68041,2015-4,1360.25
68042,2015-4,2829.05
68043,2015-4,1741.0
68044,2015-4,108.82
68045,2015-4,489.59
68046,2015-4,163.2
68047,2015-4,2176.41
68048,2015-4,54.41
68049,2015-4,326.42
68050,2015-4,12513.55
68051,2015-4,272.05
68052,2015-4,816.0
68053,2015-4,4896.0
68054,2015-4,272.03
68055,2015-4,54.41
68056,2015-4,54.41
68057,2015-4,63710.16
68058,2015-4,3264.31
68059,2015-4,816.15
68060,2015-4,1849.88
68061,2015-4,816.0
68062,2015-4,3971.9
68063,2015-4,8324.4
68064,2015-4,23776.3
68065,2015-4,1088.2
68066,2015-4,68008.0
68067,2015-4,26985.05
68068,2015-4,108.81
68069,2015-4,326.41
68070,2015-4,108.83
68071,2015-4,163.2
68072,2015-4,54.41
68073,2015-4,54.41
68074,2015-4,3808.7
68075,2015-4,4352.79
68076,2015-4,-3002.19
68077,2015-4,435.3
68078,2015-4,54.41
68079,2015-4,272.05
68080,2015-4,36125.6
68081,2015-4,54.41
68082,2015-4,272.05
68083,2015-4,217.64
68084,2015-5,108.82
68085,2015-5,6691.95
68086,2015-5,13166.5
68087,2015-5,13002.85
68088,2015-5,18062.8
68089,2015-5,17410.0
68090,2015-5,10827.5
68091,2015-5,1251.4
68092,2015-5,217.66
68093,2015-5,163.22
68094,2015-5,544.1
68095,2015-5,163.18
68096,2015-5,816.02
68097,2015-5,1088.2
68098,2015-5,380.86
68099,2015-5,326.39
68100,2015-5,108.81
68101,2015-5,163.23
68102,2015-5,870.52
68103,2015-5,89934.45
68104,2015-5,54.41
68105,2015-5,4461.2
68106,2015-5,17573.95
68107,2015-5,4461.5
68108,2015-5,12296.29
68109,2015-5,23122.75
68110,2015-5,7127.41
68111,2015-5,6257.15
68112,2015-5,1142.4
68113,2015-5,652.8
68114,2015-5,272.05
68115,2015-5,489.71
68116,2015-5,652.82
68117,2015-5,326.45
68118,2015-5,489.6
68119,2015-5,326.38
68120,2015-5,163.21
68121,2015-5,3264.6
68122,2015-5,4896.6
68123,2015-5,326.4
68124,2015-5,108.82
68125,2015-5,598.41
68126,2015-5,707.29
68127,2015-5,14472.4
68128,2015-5,1088.05
68129,2015-5,163.23
68130,2015-5,380.87
68131,2015-5,1414.6
68132,2015-5,15777.25
68133,2015-5,13274.6
68134,2015-5,2992.1
68135,2015-5,1088.2
68136,2015-5,6365.31
68137,2015-5,25517.6
68138,2015-5,25407.4
68139,2015-5,54.41
68140,2015-5,489.6
68141,2015-5,816.01
68142,2015-5,816.0
68143,2015-5,2720.18
68144,2015-5,326.42
68145,2015-5,5984.95
68146,2015-5,1958.4
68147,2015-5,435.28
68148,2015-5,652.79
68149,2015-5,816.0
68150,2015-5,163.21
68151,2015-5,217.65
68152,2015-5,12677.2
68153,2015-5,163.24
68154,2015-5,163.23
68155,2015-5,1088.2
68156,2015-5,1632.01
68157,2015-5,1088.04
68158,2015-5,707.24
68159,2015-5,4080.75
68160,2015-5,14363.25
68161,2015-5,10174.25
68162,2015-5,11698.0
68163,2015-5,1088.2
68164,2015-5,12676.87
68165,2015-5,23340.3
68166,2015-5,16648.8
68167,2015-5,598.48
68168,2015-5,163.23
68169,2015-5,217.62
68170,2015-5,217.61
68171,2015-5,163.2
68172,2015-5,54.41
68173,2015-5,163.23
68174,2015-5,217.64
68175,2015-5,4352.8
68176,2015-5,652.8
68177,2015-5,163.22
68178,2015-5,163.24
68179,2015-5,326.4
68180,2015-5,544.09
68181,2015-5,217.64
68182,2015-5,50542.6
68183,2015-5,108.82
68184,2015-5,2938.0
68185,2015-6,4080.75
68186,2015-6,18552.4
68187,2015-6,1088.21
68188,2015-6,9684.65
68189,2015-6,4515.7
68190,2015-6,1741.03
68191,2015-6,108.82
68192,2015-6,326.39
68193,2015-6,326.42
68194,2015-6,489.6
68195,2015-6,979.22
68196,2015-6,979.18
68197,2015-6,1632.0
68198,2015-6,326.47
68199,2015-6,163.21
68200,2015-6,163.24
68201,2015-6,54.41
68202,2015-6,36125.6
68203,2015-6,435.28
68204,2015-6,3264.58
68205,2015-6,1033.73
68206,2015-6,30249.63
68207,2015-6,12133.1
68208,2015-6,8650.8
68209,2015-6,16866.5
68210,2015-6,1360.25
68211,2015-6,5385.6
68212,2015-6,43797.5
68213,2015-6,2448.45
68214,2015-6,7888.7
68215,2015-6,1088.11
68216,2015-6,54.41
68217,2015-6,54.41
68218,2015-6,326.38
68219,2015-6,163.19
68220,2015-6,163.2
68221,2015-6,326.39
68222,2015-6,326.41
68223,2015-6,108.82
68224,2015-6,326.41
68225,2015-6,979.2
68226,2015-6,6637.0
68227,2015-6,2720.5
68228,2015-6,54.41
68229,2015-6,326.45
68230,2015-6,326.39
68231,2015-6,326.38
68232,2015-6,544.08
68233,2015-6,326.46
68234,2015-6,40641.29
68235,2015-6,108.82
68236,2015-6,1251.28
68237,2015-6,1632.31
68238,2015-6,1305.59
68239,2015-6,6529.05
68240,2015-6,16323.0
68241,2015-6,4461.05
68242,2015-6,816.0
68243,2015-6,6093.31
68244,2015-6,1088.2
68245,2015-6,17192.15
68246,2015-6,23122.9
68247,2015-6,16974.45
68248,2015-6,816.09
68249,2015-6,54.41
68250,2015-6,272.05
68251,2015-6,217.62
68252,2015-6,380.87
68253,2015-6,326.39
68254,2015-6,652.78
68255,2015-6,979.19
68256,2015-6,163.2
68257,2015-6,108.82
68258,2015-6,979.2
68259,2015-6,1088.2
68260,2015-6,1632.3
68261,2015-6,163.24
68262,2015-6,326.42
68263,2015-6,70076.45
68264,2015-6,272.05
68265,2015-6,-816.0
68266,2015-6,108.82
68267,2015-6,13547.1
68268,2015-6,8650.8
68269,2015-6,18390.1
68270,2015-6,22796.35
68271,2015-6,5767.14
68272,2015-6,9956.4
68273,2015-6,163.2
68274,2015-6,163.23
68275,2015-6,979.22
68276,2015-6,326.4
68277,2015-6,2720.2
68278,2015-6,2448.02
68279,2015-6,217.63
68280,2015-6,326.41
68281,2015-6,54.41
68282,2015-6,380.87
68283,2015-6,272.06
68284,2015-6,217.61
68285,2015-6,326.41
68286,2015-6,1142.53
68287,2015-6,652.8
68288,2015-6,1088.2
68289,2015-6,3971.54
68290,2015-6,7616.95
68291,2015-6,28291.1
68292,2015-6,13927.85
68293,2015-6,489.6
68294,2015-6,217.65
68295,2015-6,42436.5
68296,2015-7,13547.1
68297,2015-7,816.0
68298,2015-7,3645.05
68299,2015-7,2176.4
68300,2015-7,3482.15
68301,2015-7,54.41
68302,2015-7,326.39
68303,2015-7,326.4
68304,2015-7,108.82
68305,2015-7,816.0
68306,2015-7,54.41
68307,2015-7,326.4
68308,2015-7,1088.2
68309,2015-7,1632.3
68310,2015-7,272.04
68311,2015-7,326.4
68312,2015-7,326.39
68313,2015-7,54623.35
68314,2015-7,544.1
68315,2015-7,435.28
68316,2015-7,544.11
68317,2015-7,652.8
68318,2015-7,3373.15
68319,2015-7,217.66
68320,2015-7,23503.8
68321,2015-7,11914.8
68322,2015-7,26006.45
68323,2015-7,1632.3
68324,2015-7,22850.4
68325,2015-7,5713.05
68326,2015-7,10119.6
68327,2015-7,3101.16
68328,2015-7,489.64
68329,2015-7,1196.82
68330,2015-7,272.05
68331,2015-7,54.41
68332,2015-7,2176.4
68333,2015-7,7344.29
68334,2015-7,11969.0
68335,2015-7,326.47
68336,2015-7,108.81
68337,2015-7,217.61
68338,2015-7,544.11
68339,2015-7,68605.4
68340,2015-7,108.82
68341,2015-7,435.29
68342,2015-7,10554.85
68343,2015-7,108.82
68344,2015-7,5168.93
68345,2015-7,12621.8
68346,2015-7,8814.0
68347,2015-7,13873.94
68348,2015-7,15504.66
68349,2015-7,1904.2
68350,2015-7,17137.5
68351,2015-7,30739.39
68352,2015-7,11914.8
68353,2015-7,326.4
68354,2015-7,163.24
68355,2015-7,652.8
68356,2015-7,979.2
68357,2015-7,489.62
68358,2015-7,326.39
68359,2015-7,326.4
68360,2015-7,163.2
68361,2015-7,5985.1
68362,2015-7,2176.4
68363,2015-7,326.4
68364,2015-7,108.82
68365,2015-7,44231.7
68366,2015-7,54.41
68367,2015-7,2012.83
68368,2015-7,816.15
68369,2015-7,7834.77
68370,2015-7,10772.4
68371,2015-7,1632.0
68372,2015-7,24211.55
68373,2015-7,14962.77
68374,2015-7,15723.05
68375,2015-7,2013.11
68376,2015-7,163.2
68377,2015-7,163.2
68378,2015-7,54.41
68379,2015-7,2176.11
68380,2015-7,54.41
68381,2015-7,1088.2
68382,2015-7,54.41
68383,2015-7,380.79
68384,2015-7,816.15
68385,2015-7,65560.75
68386,2015-7,163.2
68387,2015-7,1632.01
68388,2015-7,-54.39
68389,2015-7,18824.9
68390,2015-7,9140.4
68391,2015-7,816.0
68392,2015-7,13818.43
68393,2015-7,1904.21
68394,2015-7,20566.2
68395,2015-7,7888.7
68396,2015-7,0.01
68397,2015-7,272.05
68398,2015-7,163.18
68399,2015-7,544.1
68400,2015-7,544.1
68401,2015-7,326.39
68402,2015-7,163.19
68403,2015-7,52448.6
68404,2015-7,272.05
68405,2015-7,380.87
68406,2015-7,815.99
68407,2015-7,4080.7
68408,2015-8,10772.85
68409,2015-8,5984.95
68410,2015-8,7072.7
68411,2015-8,10336.24
68412,2015-8,25570.9
68413,2015-8,9575.35
68414,2015-8,4189.48
68415,2015-8,163.23
68416,2015-8,163.21
68417,2015-8,816.0
68418,2015-8,1305.58
68419,2015-8,54.41
68420,2015-8,489.61
68421,2015-8,2339.63
68422,2015-8,3590.4
68423,2015-8,19640.96
68424,2015-8,4624.7
68425,2015-8,5821.75
68426,2015-8,1360.1
68427,2015-8,9466.35
68428,2015-8,9248.8
68429,2015-8,5168.95
68430,2015-8,31720.1
68431,2015-8,1958.77
68432,2015-8,272.05
68433,2015-8,217.63
68434,2015-8,217.64
68435,2015-8,1088.04
68436,2015-8,816.15
68437,2015-8,3808.1
68438,2015-8,3808.4
68439,2015-8,326.45
68440,2015-8,272.03
68441,2015-8,217.61
68442,2015-8,816.14
68443,2015-8,217.64
68444,2015-8,25678.55
68445,2015-8,108.82
68446,2015-8,4298.18
68447,2015-8,163.2
68448,2015-8,4080.75
68449,2015-8,2284.8
68450,2015-8,6746.3
68451,2015-8,20892.36
68452,2015-8,8705.3
68453,2015-8,1958.73
68454,2015-8,598.48
68455,2015-8,652.82
68456,2015-8,489.58
68457,2015-8,272.04
68458,2015-8,1142.38
68459,2015-8,1904.21
68460,2015-8,435.27
68461,2015-8,326.39
68462,2015-8,435.28
68463,2015-8,326.38
68464,2015-8,326.39
68465,2015-8,707.31
68466,2015-8,13491.7
68467,2015-8,435.26
68468,2015-8,108.82
68469,2015-8,54.41
68470,2015-8,652.8
68471,2015-8,108.83
68472,2015-8,15723.35
68473,2015-8,6582.65
68474,2015-8,1360.25
68475,2015-8,15396.94
68476,2015-8,2774.68
68477,2015-8,4515.7
68478,2015-8,17626.65
68479,2015-8,14036.4
68480,2015-8,1686.62
68481,2015-8,815.98
68482,2015-8,163.2
68483,2015-8,54.41
68484,2015-8,489.58
68485,2015-8,979.21
68486,2015-8,1632.3
68487,2015-8,4896.3
68488,2015-8,380.87
68489,2015-8,108.83
68490,2015-8,272.06
68491,2015-8,326.4
68492,2015-8,544.1
68493,2015-8,52557.15
68494,2015-8,54.41
68495,2015-8,2720.2
68496,2015-8,4080.75
68497,2015-8,27203.5
68498,2015-8,163.2
68499,2015-8,1360.25
68500,2015-8,5875.95
68501,2015-8,326.4
68502,2015-9,9466.37
68503,2015-9,5440.25
68504,2015-9,4950.65
68505,2015-9,11424.0
68506,2015-9,54.41
68507,2015-9,816.0
68508,2015-9,163.2
68509,2015-9,489.6
68510,2015-9,815.99
68511,2015-9,54.41
68512,2015-9,54.41
68513,2015-9,1088.2
68514,2015-9,326.45
68515,2015-9,217.63
68516,2015-9,163.2
68517,2015-9,326.41
68518,2015-9,544.11
68519,2015-9,30684.6
68520,2015-9,4189.29
68521,2015-9,54.41
68522,2015-9,652.81
68523,2015-9,11098.35
68524,2015-9,8541.38
68525,2015-9,5440.7
68526,2015-9,14526.66
68527,2015-9,19042.9
68528,2015-9,5168.95
68529,2015-9,10336.58
68530,2015-9,4515.79
68531,2015-9,108.82
68532,2015-9,489.6
68533,2015-9,489.6
68534,2015-9,326.4
68535,2015-9,489.61
68536,2015-9,652.78
68537,2015-9,3808.4
68538,2015-9,7616.5
68539,2015-9,163.19
68540,2015-9,59518.62
68541,2015-9,326.38
68542,2015-9,217.64
68543,2015-9,108.81
68544,2015-9,1305.58
68545,2015-9,1469.07
68546,2015-9,1468.78
68547,2015-9,6746.39
68548,2015-9,54.41
68549,2015-9,13221.18
68550,2015-9,1849.85
68551,2015-9,13492.48
68552,2015-9,924.82
68553,2015-9,9466.35
68554,2015-9,17464.77
68555,2015-9,7235.78
68556,2015-9,761.74
68557,2015-9,652.92
68558,2015-9,326.4
68559,2015-9,815.98
68560,2015-9,380.89
68561,2015-9,326.4
68562,2015-9,3753.59
68563,2015-9,5059.2
68564,2015-9,1088.2
68565,2015-9,108.82
68566,2015-9,652.91
68567,2015-9,163.19
68568,2015-9,326.39
68569,2015-9,163.19
68570,2015-9,217.62
68571,2015-9,1414.61
68572,2015-9,2013.18
68573,2015-9,1904.07
68574,2015-9,272.04
68575,2015-9,54.41
68576,2015-9,1088.21
68577,2015-9,1305.61
68578,2015-9,1088.08
68579,2015-9,31663.8
68580,2015-9,10880.95
68581,2015-9,1360.25
68582,2015-9,12024.01
68583,2015-9,54.41
68584,2015-9,11751.9
68585,2015-9,15125.5
68586,2015-9,21491.05
68587,2015-9,1088.16
68588,2015-9,272.05
68589,2015-9,217.64
68590,2015-9,870.56
68591,2015-9,272.02
68592,2015-9,2720.22
68593,2015-9,4515.7
68594,2015-9,108.82
68595,2015-9,163.2
68596,2015-9,86288.65
68597,2015-9,272.05
68598,2015-9,3481.85
68599,2015-9,1360.25
68600,2015-9,9575.68
68601,2015-9,5168.95
68602,2015-9,28236.78
68603,2015-9,4570.1
68604,2015-9,31011.58
68605,2015-9,7562.18
68606,2015-9,1360.16
68607,2015-9,217.64
68608,2015-9,326.4
68609,2015-9,326.41
68610,2015-9,163.23
68611,2015-9,9031.4
68612,2015-10,1795.51
68613,2015-10,1795.51
68614,2015-10,489.66
68615,2015-10,34275.0
68616,2015-10,1958.64
68617,2015-10,380.81
68618,2015-10,12677.2
68619,2015-10,19313.92
68620,2015-10,4080.6
68621,2015-10,9248.2
68622,2015-10,2829.33
68623,2015-10,12404.82
68624,2015-10,16811.4
68625,2015-10,16973.55
68626,2015-10,2339.48
68627,2015-10,1305.59
68628,2015-10,326.4
68629,2015-10,163.23
68630,2015-10,2447.98
68631,2015-10,1904.21
68632,2015-10,7616.5
68633,2015-10,544.1
68634,2015-10,108.82
68635,2015-10,544.09
68636,2015-10,95755.0
68637,2015-10,435.28
68638,2015-10,2448.12
68639,2015-10,54.41
68640,2015-10,11861.2
68641,2015-10,4950.96
68642,2015-10,5930.3
68643,2015-10,20675.05
68644,2015-10,1632.01
68645,2015-10,21218.25
68646,2015-10,5441.0
68647,2015-10,1795.2
68648,2015-10,816.0
68649,2015-10,217.63
68650,2015-10,163.2
68651,2015-10,489.6
68652,2015-10,979.2
68653,2015-10,816.0
68654,2015-10,380.87
68655,2015-10,272.05
68656,2015-10,816.15
68657,2015-10,2176.1
68658,2015-10,5712.9
68659,2015-10,5984.2
68660,2015-10,272.04
68661,2015-10,163.2
68662,2015-10,489.59
68663,2015-10,163.2
68664,2015-10,652.8
68665,2015-10,49018.13
68666,2015-10,326.46
68667,2015-10,435.28
68668,2015-10,1088.2
68669,2015-10,652.92
68670,2015-10,4570.29
68671,2015-10,3699.88
68672,2015-10,163.19
68673,2015-10,15342.3
68674,2015-10,3808.7
68675,2015-10,816.0
68676,2015-10,11805.71
68677,2015-10,544.1
68678,2015-10,10990.42
68679,2015-10,19206.58
68680,2015-10,816.09
68681,2015-10,326.41
68682,2015-10,326.4
68683,2015-10,489.6
68684,2015-10,1632.0
68685,2015-10,108.8
68686,2015-10,326.38
68687,2015-10,1632.3
68688,2015-10,2176.1
68689,2015-10,544.1
68690,2015-10,163.23
68691,2015-10,163.23
68692,2015-10,108.82
68693,2015-10,163.2
68694,2015-10,707.33
68695,2015-10,19368.64
68696,2015-10,1632.15
68697,2015-10,217.65
68698,2015-10,326.4
68699,2015-10,14145.61
68700,2015-10,8705.45
68701,2015-10,7833.61
68702,2015-10,9466.35
68703,2015-10,38573.9
68704,2015-10,5603.45
68705,2015-10,54.41
68706,2015-10,326.41
68707,2015-10,54.41
68708,2015-10,217.64
68709,2015-10,489.61
68710,2015-10,326.4
68711,2015-10,163.19
68712,2015-10,108.82
68713,2015-10,54.41
68714,2015-10,108.82
68715,2015-10,1631.98
68716,2015-10,544.1
68717,2015-10,1033.78
68718,2015-10,326.4
68719,2015-10,326.47
68720,2015-10,217.64
68721,2015-10,435.25
68722,2015-10,217.61
68723,2015-10,326.46
68724,2015-10,32535.2
68725,2015-10,54.41
68726,2015-10,544.09
68727,2015-10,979.34
68728,2015-10,54.41
